"Y","ProB","ProA","ProC","ProC2","OCD","OAT"
"0","0","0","0","0","0","0"
"1","1","1","1","0","0","0"
"1","1","1","1","0","0","0"
"1","1","1","1","0","0","0"
"1","1","1","1","0","1","0"
"1","1","1","1","0","0","0"
"1","1","1","1","0","0","0"
"1","1","1","1","0","0","0"
"1","1","1","1","0","1","0"
"0","0","0","1","0","0","0"
"0","0","0","1","0","0","0"
"0","0","0","1","0","0","0"
"0","0","0","1","0","0","0"
"0","0","0","0","0","0","0"
"0","0","0","0","0","0","0"
"0","0","0","0","0","0","0"
"0","0","0","0","0","0","0"
"1","1","1","1","0","0","0"
"1","1","1","1","0","0","0"
"1","1","1","1","0","0","0"
"1","1","1","1","0","0","0"
"1","1","1","1","0","0","0"
"1","1","1","1","0","0","0"
"1","1","1","1","0","0","0"
"1","1","1","1","0","0","0"
"1","1","1","1","0","0","0"
"1","1","1","1","0","0","0"
"1","1","1","1","0","0","0"
"0","0","0","1","0","0","0"
"0","0","0","1","0","0","0"
"0","0","0","1","0","0","0"
"0","0","0","1","0","0","0"
"1","1","1","1","0","0","0"
"1","1","1","1","0","0","0"
"1","1","1","1","0","0","0"
"1","1","1","1","0","0","0"
"1","1","1","1","0","0","0"
"1","1","1","1","0","0","0"
"1","1","1","1","0","0","0"
"1","1","1","1","0","0","0"
"1","1","1","1","0","0","0"
"1","1","1","1","0","0","0"
"1","1","1","1","0","0","0"
"1","1","1","1","0","0","0"
"1","1","1","1","0","0","0"
"1","1","1","1","0","0","0"
"1","1","1","1","0","0","0"
"1","1","1","1","0","0","0"
"1","1","1","1","0","0","0"
"1","1","1","1","0","0","0"
"1","1","1","1","0","0","0"
"1","1","1","1","0","0","0"
"1","1","1","1","0","0","0"
"1","1","1","1","0","0","0"
"1","1","1","1","0","0","0"
"1","1","1","1","0","0","0"
"1","1","1","1","0","0","0"
"1","1","1","1","0","0","0"
"1","1","1","1","0","0","0"
"1","1","1","1","0","0","0"
"1","1","1","1","0","0","0"
"1","1","1","1","0","0","0"
"1","1","1","1","0","0","0"
"1","1","1","1","0","0","0"
"1","1","1","1","0","0","0"
"1","1","1","1","0","0","0"
"1","1","1","1","0","0","0"
"1","1","1","1","0","0","0"
"1","1","1","1","0","0","0"
"1","1","1","1","0","0","0"
"1","1","1","1","0","0","0"
"1","1","1","1","0","0","0"
"1","1","1","1","0","0","0"
"1","1","1","1","0","0","0"
"1","1","1","1","0","0","0"
"1","1","1","1","0","0","0"
"1","1","1","1","0","0","0"
"1","1","1","1","0","0","0"
"1","1","1","1","0","0","0"
"1","1","1","1","0","0","0"
"1","1","1","1","0","0","0"
"1","1","1","1","0","0","0"
"1","1","1","1","0","0","0"
"1","1","1","1","0","0","0"
"1","1","1","1","0","0","0"
"1","1","1","1","0","0","0"
"1","1","1","1","0","0","0"
"1","1","1","1","0","0","0"
"1","1","1","1","0","0","0"
"1","1","1","1","0","0","0"
"1","1","1","1","0","0","0"
"1","1","1","1","0","0","0"
"1","1","1","1","0","0","0"
"1","1","1","1","0","0","0"
"1","1","1","1","0","0","0"
"1","1","1","1","0","0","0"
"1","1","1","1","0","0","0"
"1","1","1","1","0","0","0"
"1","1","1","1","0","0","0"
"1","1","1","1","0","0","0"
"1","1","1","1","0","0","0"
"1","1","1","1","0","0","0"
"1","1","1","1","0","0","0"
"1","1","1","1","0","0","0"
"1","1","1","1","0","0","0"
"1","1","1","1","0","0","0"
"1","1","1","1","0","0","0"
"1","1","1","1","0","0","0"
"1","1","1","1","0","0","0"
"1","1","1","1","0","0","0"
"1","1","1","1","0","0","0"
"1","1","1","1","0","0","0"
"1","1","1","1","0","0","0"
"1","1","1","1","0","0","0"
"1","1","1","1","0","0","0"
"1","1","1","1","0","0","0"
"1","1","1","1","0","0","0"
"1","1","1","1","0","0","0"
"1","1","1","1","0","0","0"
"1","1","1","1","0","0","0"
"1","1","1","1","0","0","0"
"1","1","1","1","0","0","0"
"1","1","1","1","0","0","0"
"1","1","1","1","0","0","0"
"1","1","1","1","0","0","0"
"1","1","1","1","0","0","0"
"1","1","1","1","0","0","0"
"1","1","1","1","0","0","0"
"1","1","1","1","0","0","0"
"1","1","1","1","0","0","0"
"1","1","1","1","0","0","0"
"1","1","1","1","0","0","0"
"1","1","1","1","0","0","0"
"1","1","1","1","0","0","0"
"1","1","1","1","0","0","0"
"1","1","1","1","0","0","0"
"1","1","1","1","0","0","0"
"1","1","1","1","0","0","0"
"1","1","1","1","0","0","0"
"1","1","1","1","0","0","0"
"1","1","1","1","0","0","0"
"1","1","1","1","0","0","0"
"1","1","1","1","0","0","0"
"1","1","1","1","0","0","0"
"1","1","1","1","0","0","0"
"1","1","1","1","0","0","0"
"1","1","1","1","0","0","0"
"1","1","1","1","0","0","0"
"1","1","1","1","0","0","0"
"1","1","1","1","0","0","0"
"1","1","1","1","0","0","0"
"1","1","1","1","0","0","0"
"1","1","1","1","0","0","0"
"1","1","1","1","0","0","0"
"1","1","1","1","0","0","0"
"1","1","1","1","0","0","0"
"1","1","1","1","0","0","0"
"1","1","1","1","0","0","0"
"1","1","1","1","0","0","0"
"1","1","1","1","0","0","0"
"1","1","1","1","0","0","0"
"1","1","1","1","0","0","0"
"1","1","1","1","0","0","0"
"1","1","1","1","0","0","0"
"1","1","1","1","0","0","0"
"1","1","1","1","0","0","0"
"1","1","1","1","0","0","0"
"1","1","1","1","0","0","0"
"1","1","1","1","0","0","0"
"1","1","1","1","0","0","0"
"1","1","1","1","0","0","0"
"1","1","1","1","0","0","0"
"1","1","1","1","0","0","0"
"1","1","1","1","0","0","0"
"1","1","1","1","0","0","0"
"1","1","1","1","0","0","0"
"1","1","1","1","0","0","0"
"1","1","1","1","0","0","0"
"1","1","1","1","0","0","0"
"1","1","1","1","0","0","0"
"1","1","1","1","0","0","0"
"1","1","1","1","0","0","0"
"1","1","1","1","0","0","0"
"1","1","1","1","0","0","0"
"1","1","1","1","0","0","0"
"1","1","1","1","0","0","0"
"1","1","1","1","0","0","0"
"1","1","1","1","0","0","0"
"1","1","1","1","0","0","0"
"1","1","1","1","0","0","0"
"1","1","1","1","0","0","0"
"1","1","1","1","0","0","0"
"1","1","1","1","0","0","0"
"1","1","1","1","0","0","0"
"1","1","1","1","0","0","0"
"1","1","1","1","0","0","0"
"1","1","1","1","0","0","0"
"1","1","1","1","0","0","0"
"1","1","1","1","0","0","0"
"1","1","1","1","0","0","0"
"1","1","1","1","0","0","0"
"1","1","1","1","0","0","0"
"1","1","1","1","0","0","0"
"1","1","1","1","0","0","0"
"1","1","1","1","0","0","0"
"1","1","1","1","0","0","0"
"1","1","1","1","0","0","0"
"1","1","1","1","0","0","0"
"1","1","1","1","0","0","0"
"1","1","1","1","0","0","0"
"1","1","1","1","0","0","0"
"1","1","1","1","0","0","0"
"1","1","1","1","0","0","0"
"1","1","1","1","0","0","0"
"1","1","1","1","0","0","0"
"1","1","1","1","0","0","0"
"1","1","1","1","0","0","0"
"1","1","1","1","0","0","0"
"1","1","1","1","0","0","0"
"1","1","1","1","0","0","0"
"1","1","1","1","0","0","0"
"1","1","1","1","0","0","0"
"1","1","1","1","0","0","0"
"1","1","1","1","0","0","0"
"1","1","1","1","0","0","0"
"1","1","1","1","0","0","0"
"1","1","1","1","0","0","0"
"1","1","1","1","0","0","0"
"1","1","1","1","0","0","0"
"1","1","1","1","0","0","0"
"1","1","1","1","0","0","0"
"1","1","1","1","0","0","0"
"1","1","1","1","0","0","0"
"1","1","1","1","0","0","0"
"1","1","1","1","0","0","0"
"1","1","1","1","0","0","0"
"1","1","1","1","0","0","0"
"1","1","1","1","0","0","0"
"1","1","1","1","0","0","0"
"1","1","1","1","0","0","0"
"1","1","1","1","0","0","0"
"1","1","1","1","0","0","0"
"1","1","1","1","0","0","0"
"1","1","1","1","0","0","0"
"1","1","1","1","0","0","0"
"1","1","1","1","0","0","0"
"1","1","1","1","0","0","0"
"1","1","1","1","0","0","0"
"1","1","1","1","0","0","0"
"1","1","1","1","0","0","0"
"1","1","1","1","0","0","0"
"1","1","1","1","0","0","0"
"1","1","1","1","0","0","0"
"1","1","1","1","0","0","0"
"1","1","1","1","0","0","0"
"1","1","1","1","0","0","0"
"0","0","0","0","0","0","0"
"0","0","0","0","0","0","0"
"1","1","1","1","0","0","0"
"1","1","1","1","0","1","0"
"1","1","1","1","0","0","0"
"1","1","1","1","0","1","0"
"1","1","1","1","0","0","1"
"1","1","1","1","0","0","1"
"1","1","1","1","0","0","1"
"1","1","1","1","0","0","1"
"1","1","1","1","0","0","1"
"1","1","1","1","0","1","0"
"1","1","1","1","0","1","0"
"1","1","1","1","0","1","0"
"1","0","0","1","0","0","1"
"1","1","1","1","0","0","1"
"1","1","1","1","0","0","1"
"1","1","1","1","0","0","1"
"1","1","1","1","0","0","1"
"1","1","1","1","0","0","1"
"1","1","1","1","0","0","1"
"0","0","0","1","0","0","0"
"0","0","0","1","0","0","0"
"1","1","1","1","0","0","0"
"1","1","1","1","0","1","0"
"1","1","1","1","0","1","0"
"1","1","1","1","0","1","0"
"1","1","1","1","0","1","0"
"1","1","1","1","0","1","0"
"1","1","1","1","0","1","0"
"1","1","1","1","0","1","0"
"1","1","1","1","0","1","0"
"1","1","1","1","0","1","0"
"1","1","1","1","0","0","0"
"1","1","1","1","0","1","0"
"1","1","1","1","0","1","0"
"1","1","1","1","0","1","0"
"1","1","1","1","0","0","0"
"1","1","1","1","0","0","0"
"1","1","1","1","0","1","0"
"1","1","1","1","0","1","0"
"1","1","1","1","0","1","0"
"1","0","0","1","0","1","0"
"1","0","0","1","0","1","0"
"1","0","0","1","0","1","0"
"1","0","0","1","0","1","0"
"1","0","0","1","0","1","0"
"1","0","0","1","0","1","0"
"1","0","0","1","0","1","0"
"1","1","1","1","0","1","0"
"1","0","0","1","0","1","0"
"1","0","0","1","0","1","0"
"1","0","0","1","0","1","0"
"1","0","0","1","0","1","0"
"1","0","0","1","0","1","0"
"1","0","0","1","0","1","0"
"1","0","0","1","0","1","0"
"1","1","1","1","0","0","1"
"1","1","1","1","0","1","0"
"1","1","1","1","0","0","0"
"1","1","1","1","0","1","0"
"1","1","1","1","0","1","0"
"1","1","1","1","0","0","0"
"1","1","1","1","0","1","0"
"1","1","1","1","0","0","0"
"1","1","1","1","0","0","0"
"1","1","1","1","0","0","0"
"1","1","1","1","0","1","0"
"1","1","1","1","0","1","0"
"1","1","1","1","0","1","0"
"1","1","1","1","0","1","0"
"1","1","1","1","0","1","0"
"1","1","1","1","0","1","0"
"1","1","1","1","0","1","0"
"1","1","1","1","0","0","0"
"1","1","1","1","0","1","0"
"1","1","1","1","0","0","0"
"1","1","1","1","0","0","0"
"1","1","1","1","0","1","1"
"1","1","1","1","0","0","1"
"1","1","1","1","0","1","1"
"1","1","1","1","0","0","1"
"1","1","1","1","0","0","1"
"1","1","1","1","0","0","1"
"1","1","1","1","0","0","1"
"1","1","1","1","0","0","1"
"1","1","1","1","0","0","1"
"1","1","1","1","0","0","1"
"1","1","1","1","0","0","1"
"1","1","1","1","0","0","0"
"1","1","1","1","0","0","1"
"1","1","1","1","0","0","1"
"1","1","1","1","0","0","0"
"1","1","1","1","0","0","0"
"1","1","1","1","0","0","0"
"1","1","1","1","0","0","0"
"1","1","1","1","0","1","0"
"1","1","1","1","0","0","1"
"1","1","1","1","0","1","1"
"1","1","1","1","0","1","1"
"1","1","1","1","0","1","1"
"1","1","1","1","0","0","1"
"1","1","1","1","0","0","0"
"1","1","1","1","0","0","1"
"1","1","1","1","0","0","1"
"1","1","1","1","0","1","0"
"1","1","1","1","0","1","0"
"1","1","1","1","0","1","0"
"1","1","1","1","0","0","0"
"1","1","1","1","0","1","0"
"1","1","1","1","0","0","0"
"1","1","1","1","0","0","0"
"1","1","1","1","0","1","0"
"1","1","1","1","0","1","0"
"1","1","1","1","0","1","0"
"1","1","1","1","0","1","0"
"1","1","1","1","0","1","0"
"1","1","1","1","0","1","0"
"1","1","1","1","0","0","0"
"1","1","1","1","0","1","0"
"1","1","1","1","0","1","0"
"1","1","1","1","0","1","0"
"1","1","1","1","0","1","0"
"1","1","1","1","0","1","0"
"1","1","1","1","0","1","0"
"1","1","1","1","0","0","0"
"1","1","1","1","0","1","0"
"1","1","1","1","0","1","0"
"1","1","1","1","0","1","0"
"1","1","1","1","0","0","0"
"1","1","1","1","0","1","0"
"1","1","1","1","0","1","0"
"1","1","1","1","0","1","0"
"1","1","1","1","0","1","0"
"1","1","1","1","0","1","0"
"1","1","1","1","0","1","0"
"1","1","1","1","0","1","0"
"1","1","1","1","0","1","0"
"1","1","1","1","0","1","0"
"1","1","1","1","0","0","0"
"1","1","1","1","0","0","0"
"1","1","1","1","0","1","0"
"1","1","1","1","0","1","0"
"1","1","1","1","0","1","0"
"1","1","1","1","0","1","0"
"1","1","1","1","0","0","0"
"1","1","1","1","0","1","0"
"1","1","1","1","0","1","0"
"1","1","1","1","0","0","0"
"1","1","1","1","0","1","0"
"1","1","1","1","0","0","0"
"1","1","1","1","0","1","0"
"1","1","1","1","0","1","0"
"1","1","1","1","0","0","0"
"1","1","1","1","0","1","0"
"1","1","1","1","0","0","0"
"1","1","1","1","0","1","0"
"1","1","1","1","0","1","0"
"1","1","1","1","0","1","0"
"1","1","1","1","0","0","0"
"1","1","1","1","0","1","0"
"1","1","1","1","0","1","0"
"1","1","1","1","0","1","0"
"1","1","1","1","0","1","0"
"1","1","1","1","0","1","0"
"1","1","1","1","0","1","0"
"1","1","1","1","0","1","0"
"1","1","1","1","0","1","0"
"1","1","1","1","0","0","0"
"1","1","1","1","0","1","0"
"1","1","1","1","0","1","0"
"1","1","1","1","0","1","0"
"1","1","1","1","0","1","0"
"1","1","1","1","0","1","0"
"1","1","1","1","0","0","0"
"1","1","1","1","0","1","0"
"1","1","1","1","0","0","0"
"1","1","1","1","0","1","0"
"1","1","1","1","0","0","0"
"1","1","1","1","0","1","0"
"1","1","1","1","0","1","0"
"1","1","1","1","0","1","0"
"1","1","1","1","0","1","0"
"1","1","1","1","0","1","0"
"1","1","1","1","0","0","0"
"1","1","1","1","0","1","0"
"1","1","1","1","0","0","0"
"1","1","1","1","0","0","0"
"1","1","1","1","0","1","0"
"1","1","1","1","0","0","0"
"1","1","1","1","0","0","0"
"1","1","1","1","0","1","0"
"1","1","1","1","0","0","0"
"1","1","1","1","0","0","0"
"1","1","1","1","0","0","0"
"0","0","0","0","0","0","0"
"1","1","1","1","0","0","0"
"0","0","0","0","0","0","0"
"0","0","0","0","0","0","0"
"1","1","1","1","0","0","0"
"1","1","1","1","0","0","0"
"1","1","1","1","0","1","0"
"1","1","1","1","0","1","0"
"1","1","1","1","0","0","0"
"1","1","1","1","0","0","0"
"1","1","1","1","0","0","0"
"1","1","1","1","0","0","0"
"1","1","1","1","0","0","0"
"1","1","1","1","0","0","0"
"1","1","1","1","0","0","0"
"1","1","1","1","0","0","0"
"1","1","1","1","0","0","0"
"1","1","1","1","0","1","0"
"1","1","1","1","0","0","0"
"1","1","1","1","0","1","0"
"1","1","1","1","0","0","0"
"1","1","1","1","0","0","0"
"1","1","1","1","0","0","0"
"1","1","1","1","0","0","0"
"1","1","1","1","0","0","0"
"1","1","1","1","0","0","0"
"1","1","1","1","0","0","0"
"1","1","1","1","0","0","0"
"1","1","1","1","0","0","0"
"1","1","1","1","0","0","0"
"1","1","1","1","0","1","0"
"1","1","1","1","0","0","0"
"1","1","1","1","0","0","0"
"1","1","1","1","0","0","0"
"1","1","1","1","0","0","0"
"1","1","1","1","0","0","0"
"1","1","1","1","0","0","0"
"1","1","1","1","0","0","0"
"1","1","1","1","0","0","0"
"1","1","1","1","0","0","0"
"1","1","1","1","0","0","0"
"1","1","1","1","0","0","0"
"1","1","1","1","0","0","0"
"1","1","1","1","0","0","0"
"1","1","1","1","0","0","0"
"1","1","1","1","0","0","0"
"1","1","1","1","0","0","0"
"1","1","1","1","0","0","0"
"0","0","0","0","0","0","0"
"1","1","1","1","0","0","0"
"1","1","1","1","0","0","0"
"1","1","1","1","0","0","0"
"1","1","1","1","0","0","0"
"1","1","1","1","0","0","0"
"1","1","1","1","0","0","0"
"1","1","1","1","0","0","0"
"1","1","1","1","0","0","0"
"1","1","1","0","0","0","0"
"1","1","1","1","0","0","0"
"1","1","1","1","0","1","0"
"1","1","1","1","0","0","0"
"1","1","1","1","0","0","0"
"1","1","1","1","0","0","0"
"1","1","1","1","0","0","0"
"1","1","1","1","0","0","0"
"1","1","1","1","0","0","0"
"1","1","1","1","0","1","1"
"1","1","1","1","0","0","1"
"1","1","1","1","1","0","1"
"1","1","1","1","0","0","1"
"1","1","1","1","0","0","1"
"1","1","1","1","0","0","1"
"1","1","1","1","0","0","1"
"1","1","1","1","0","0","1"
"1","1","1","1","1","0","1"
"1","1","1","1","1","0","1"
"1","1","1","1","1","0","1"
"1","1","1","1","1","0","1"
"1","1","1","1","1","0","1"
"1","1","1","1","1","0","1"
"1","1","1","1","1","0","1"
"1","1","1","1","1","0","1"
"1","1","1","1","1","0","1"
"1","1","1","1","1","0","1"
"1","1","1","1","1","0","1"
"1","1","1","1","1","0","1"
"1","1","1","1","1","0","1"
"1","1","1","1","1","0","1"
"1","1","1","1","1","0","1"
"1","1","1","1","1","0","1"
"1","1","1","1","1","0","1"
"1","1","1","1","1","0","1"
"1","1","1","1","1","0","1"
"1","1","1","1","1","0","1"
"1","1","1","1","1","0","1"
"1","1","1","1","1","0","1"
"1","1","1","1","1","1","0"
"1","1","1","1","0","0","1"
"1","1","1","1","0","0","1"
"1","1","1","1","0","0","1"
"1","1","1","1","0","0","1"
"1","1","1","1","0","0","1"
"1","1","1","1","0","0","1"
"1","1","1","1","0","0","1"
"1","1","1","1","0","1","1"
"1","1","1","1","0","1","1"
"1","1","1","1","0","1","1"
"1","1","1","1","0","0","1"
"1","1","1","1","0","0","1"
"1","1","1","1","0","0","1"
"1","1","1","1","0","0","1"
"1","1","1","1","0","0","1"
"1","1","1","1","0","0","1"
"1","1","1","1","0","0","1"
"1","1","1","1","0","0","1"
"1","1","1","1","0","0","1"
"1","1","1","1","0","0","1"
"1","1","1","1","0","0","1"
"1","1","1","1","0","0","1"
"1","1","1","1","0","0","1"
"1","1","1","1","0","0","1"
"1","1","1","1","0","0","1"
"1","1","1","1","0","0","1"
"1","1","1","1","0","0","1"
"1","1","1","1","0","0","1"
"1","1","1","1","0","0","1"
"1","1","1","1","0","0","1"
"1","1","1","1","0","0","1"
"1","1","1","1","0","0","1"
"1","1","1","1","0","0","1"
"1","1","1","1","0","0","1"
"1","1","1","1","0","0","1"
"1","1","1","1","0","0","1"
"1","1","1","1","0","0","1"
"1","1","1","1","0","0","1"
"1","1","1","1","0","0","1"
"1","1","1","1","0","1","1"
"1","1","1","1","0","0","1"
"1","1","1","1","0","0","1"
"1","1","1","1","0","0","1"
"1","1","1","1","0","0","1"
"1","1","1","1","0","0","1"
"1","1","1","1","0","0","1"
"1","1","1","1","0","0","1"
"1","1","1","1","0","0","1"
"1","1","1","1","0","0","1"
"1","1","1","1","0","0","1"
"1","1","1","1","0","0","1"
"1","1","1","1","0","1","1"
"1","1","1","1","0","0","1"
"1","1","1","1","0","0","1"
"1","1","1","1","0","1","1"
"1","1","1","1","0","1","1"
"1","1","1","1","0","1","1"
"1","1","1","1","0","1","1"
"1","1","1","1","0","0","1"
"1","1","1","1","0","1","1"
"1","1","1","1","0","0","1"
"1","1","1","1","0","0","1"
"1","1","1","1","0","0","1"
"1","1","1","1","0","0","1"
"1","1","1","1","0","0","1"
"1","1","1","1","0","0","1"
"1","1","1","1","0","0","1"
"1","1","1","1","0","0","1"
"1","1","1","1","0","1","1"
"1","1","1","1","0","0","1"
"1","1","1","1","0","0","1"
"1","1","1","1","0","0","1"
"1","1","1","1","0","0","1"
"1","1","1","1","0","0","1"
"1","1","1","1","0","0","1"
"1","1","1","1","0","0","1"
"1","1","1","1","0","0","1"
"1","1","1","1","0","0","1"
"1","1","1","1","0","0","1"
"1","1","1","1","0","0","1"
"1","1","1","1","0","0","1"
"1","1","1","1","0","1","1"
"1","1","1","1","0","0","1"
"1","1","1","1","0","0","1"
"1","1","1","1","0","0","1"
"1","1","1","1","0","1","1"
"1","1","1","1","0","1","1"
"1","1","1","1","0","0","1"
"1","0","0","1","0","1","1"
"1","1","1","1","0","1","1"
"1","1","1","1","0","0","1"
"1","1","1","1","0","0","1"
"1","1","1","1","0","0","1"
"1","1","1","1","0","0","0"
"1","1","1","1","0","0","1"
"1","1","1","1","0","0","1"
"1","1","1","1","0","0","1"
"1","1","1","1","0","0","1"
"1","1","1","1","0","0","1"
"1","1","1","1","0","0","1"
"1","1","1","1","0","0","1"
"1","1","1","1","0","0","1"
"1","0","0","1","0","1","1"
"1","0","0","1","0","1","1"
"1","1","1","1","0","1","1"
"1","0","0","1","0","0","1"
"1","1","1","1","0","0","0"
"1","1","1","1","0","0","1"
"1","0","0","1","0","0","1"
"1","1","1","1","0","1","1"
"1","1","1","1","0","0","1"
"1","1","1","1","0","0","1"
"1","1","1","1","0","0","1"
"1","1","1","1","0","1","1"
"1","1","1","1","0","1","1"
"1","1","1","1","0","1","1"
"1","1","1","1","0","1","1"
"1","1","1","1","0","1","1"
"1","1","1","1","0","1","1"
"1","1","1","1","0","0","0"
"1","1","1","1","0","0","0"
"1","1","1","1","0","0","0"
"1","1","1","1","0","0","0"
"1","1","1","1","0","0","0"
"1","1","1","1","0","0","0"
"1","1","1","1","0","0","0"
"1","1","1","1","0","0","0"
"1","1","1","1","0","0","0"
"1","1","1","1","0","0","0"
"1","1","1","1","0","0","0"
"1","1","1","1","0","0","0"
"1","1","1","1","0","0","0"
"1","1","1","1","0","0","0"
"1","1","1","1","0","0","0"
"1","1","1","1","0","0","0"
"1","1","1","1","0","0","0"
"1","1","1","1","0","0","0"
"1","1","1","1","0","0","0"
"1","1","1","1","0","0","0"
"1","1","1","1","0","0","0"
"1","1","1","1","0","0","0"
"1","1","1","1","0","0","0"
"1","1","1","1","0","0","0"
"1","1","1","1","0","0","0"
"1","1","1","1","0","0","0"
"1","1","1","1","0","0","0"
"1","1","1","1","0","0","0"
"1","1","1","1","0","0","0"
"1","1","1","1","0","0","0"
"1","1","1","1","0","0","0"
"1","1","1","1","0","0","0"
"1","1","1","1","0","0","0"
"1","1","1","1","0","0","0"
"1","1","1","1","0","0","0"
"1","1","1","1","0","0","0"
"1","1","1","1","0","0","0"
"1","1","1","1","0","0","0"
"1","1","1","1","0","0","0"
"1","1","1","1","0","0","0"
"1","1","1","1","0","0","0"
"1","1","1","1","0","0","0"
"1","1","1","1","0","0","0"
"1","1","1","1","0","0","0"
"1","1","1","1","0","0","0"
"1","1","1","1","0","0","0"
"1","1","1","1","0","0","0"
"1","1","1","1","0","0","0"
"1","1","1","1","0","0","0"
"1","1","1","1","0","0","0"
"1","1","1","1","0","0","0"
"1","1","1","1","0","0","0"
"1","1","1","1","0","0","0"
"1","1","1","1","0","0","0"
"1","1","1","1","0","0","0"
"1","1","1","1","0","0","0"
"1","1","1","1","0","0","0"
"1","1","1","1","0","0","0"
"1","1","1","1","0","0","0"
"1","1","1","1","0","0","0"
"1","1","1","1","0","0","0"
"1","1","1","1","0","0","0"
"1","1","1","1","0","0","0"
"1","1","1","1","0","0","0"
"1","1","1","1","0","0","0"
"1","1","1","1","0","0","0"
"1","1","1","1","0","0","0"
"1","1","1","1","0","0","0"
"1","1","1","1","0","0","0"
"1","1","1","1","0","0","0"
"1","1","1","1","0","0","0"
"1","1","1","1","0","0","0"
"1","1","1","1","0","0","0"
"1","1","1","1","0","0","0"
"1","1","1","1","0","0","0"
"1","1","1","1","0","0","0"
"1","1","1","1","0","0","0"
"1","1","1","1","0","0","0"
"1","1","1","1","0","0","0"
"0","0","0","1","0","0","0"
"0","0","0","1","0","0","0"
"0","0","0","0","0","0","0"
"0","0","0","0","0","0","0"
"0","0","0","1","0","0","0"
"1","1","1","1","0","0","0"
"1","1","1","1","0","0","0"
"1","1","1","1","0","0","0"
"1","1","1","1","0","0","0"
"1","1","1","1","0","0","0"
"1","1","1","1","0","0","0"
"1","1","1","1","0","0","0"
"1","1","1","1","0","0","0"
"1","1","1","1","0","0","0"
"1","1","1","1","0","0","0"
"1","1","1","1","0","1","0"
"1","1","1","0","0","0","0"
"0","0","0","1","0","0","0"
"0","0","0","1","0","0","0"
"1","1","1","1","0","0","0"
"0","0","0","1","0","0","0"
"0","0","0","1","0","0","0"
"1","1","1","1","0","0","0"
"1","1","1","1","0","0","0"
"1","1","1","1","0","0","0"
"1","1","1","1","0","0","0"
"1","1","1","1","0","0","0"
"1","1","1","1","0","0","0"
"1","1","1","1","0","0","0"
"1","1","1","1","0","0","0"
"1","1","1","1","0","0","0"
"1","1","1","1","0","0","0"
"1","1","1","1","0","0","0"
"0","0","0","1","0","0","0"
"0","0","0","1","0","0","0"
"0","0","0","1","0","0","0"
"1","1","1","1","0","1","0"
"1","1","1","1","0","1","0"
"1","1","1","1","0","0","0"
"0","0","0","0","0","0","0"
"0","0","0","0","0","0","0"
"1","1","1","1","0","0","0"
"1","1","1","1","0","1","0"
"1","1","1","1","0","1","0"
"1","1","1","1","0","1","0"
"1","1","1","1","0","1","0"
"1","1","1","1","0","1","0"
"1","1","1","1","0","1","0"
"1","1","1","1","0","1","0"
"1","1","1","1","0","1","0"
"1","1","1","1","0","1","0"
"1","1","1","1","0","1","0"
"1","1","1","1","0","1","0"
"1","1","1","1","0","1","0"
"1","1","1","1","0","1","0"
"1","1","1","1","0","1","0"
"1","1","1","1","0","1","0"
"1","1","1","1","0","1","0"
"1","1","1","1","0","1","0"
"1","1","1","1","0","1","0"
"1","1","1","1","0","1","0"
"1","1","1","1","0","1","0"
"1","1","1","1","0","1","0"
"1","1","1","1","0","1","0"
"1","1","1","1","0","1","0"
"1","1","1","1","0","1","0"
"1","1","1","1","0","1","0"
"1","1","1","1","0","1","0"
"1","1","1","1","0","1","0"
"1","1","1","1","0","1","0"
"1","1","1","1","0","1","0"
"1","1","1","1","0","1","0"
"1","1","1","1","0","1","0"
"1","1","1","1","0","1","0"
"1","1","1","1","0","1","0"
"1","1","1","1","0","1","0"
"1","1","1","1","0","1","0"
"1","1","1","1","0","1","0"
"1","1","1","1","0","1","0"
"1","1","1","1","0","1","0"
"1","1","1","1","0","1","0"
"1","1","1","1","0","1","0"
"1","1","1","1","0","0","0"
"1","1","1","1","0","1","0"
"1","1","1","1","0","1","0"
"1","1","1","1","0","1","0"
"1","1","1","1","0","1","0"
"1","1","1","1","0","1","0"
"1","1","1","1","0","1","0"
"1","1","1","1","0","1","0"
"1","1","1","1","0","1","0"
"1","1","1","1","0","1","0"
"1","1","1","1","0","1","0"
"1","1","1","1","0","1","0"
"1","1","1","1","0","1","0"
"1","1","1","1","0","1","0"
"1","1","1","1","0","1","0"
"1","1","1","1","0","1","0"
"1","1","1","1","0","1","0"
"1","1","1","1","0","1","0"
"1","1","1","1","0","1","0"
"1","1","1","1","0","1","0"
"1","1","1","1","0","1","0"
"1","1","1","1","0","1","0"
"1","1","1","1","0","1","0"
"1","1","1","1","0","1","0"
"1","1","1","1","0","1","0"
"1","1","1","1","0","1","0"
"1","1","1","1","0","1","0"
"1","1","1","1","0","1","0"
"1","1","1","1","0","1","0"
"1","1","1","1","0","1","0"
"1","1","1","1","0","1","0"
"1","1","1","1","0","1","0"
"1","1","1","1","0","1","0"
"1","1","1","1","0","1","0"
"1","1","1","1","0","0","0"
"1","1","1","1","0","1","0"
"1","1","1","1","0","1","0"
"1","1","1","1","0","1","0"
"1","1","1","1","0","1","0"
"1","1","1","1","0","1","0"
"1","1","1","1","0","1","0"
"1","1","1","1","0","0","0"
"1","1","1","1","0","1","0"
"1","1","1","1","0","0","0"
"1","1","1","1","0","1","0"
"1","1","1","1","0","1","0"
"1","1","1","1","0","1","0"
"1","1","1","1","0","1","0"
"1","1","1","1","0","1","0"
"1","1","1","1","0","1","0"
"1","1","1","1","0","1","0"
"1","1","1","1","0","0","0"
"1","1","1","1","0","1","0"
"1","1","1","1","0","0","0"
"1","1","1","1","0","1","0"
"1","1","1","1","0","1","0"
"1","1","1","1","0","1","0"
"1","1","1","1","0","1","0"
"1","1","1","1","0","1","0"
"1","1","1","1","0","1","0"
"1","1","1","1","0","1","0"
"1","1","1","1","0","1","0"
"1","1","1","1","0","1","0"
"1","1","1","1","0","1","0"
"1","1","1","1","0","1","0"
"1","1","1","1","0","1","0"
"1","1","1","1","0","1","0"
"1","1","1","1","0","1","0"
"1","1","1","1","0","1","0"
"1","1","1","1","0","1","0"
"1","1","1","1","0","0","0"
"1","1","1","1","0","0","0"
"1","1","1","1","0","1","0"
"1","1","1","1","0","0","0"
"1","1","1","1","0","1","0"
"1","1","1","1","0","1","0"
"1","1","1","1","0","1","0"
"1","1","1","1","0","0","0"
"1","1","1","1","0","0","0"
"1","1","1","1","0","0","0"
"1","1","1","1","0","0","0"
"1","1","1","1","0","0","0"
"1","1","1","1","0","0","0"
"1","1","1","1","0","0","0"
"1","1","1","1","0","0","0"
"1","1","1","1","0","0","0"
"1","1","1","1","0","0","0"
"1","1","1","1","0","1","0"
"1","1","1","1","0","0","0"
"1","1","1","1","0","0","0"
"1","1","1","1","0","0","0"
"1","1","1","1","0","0","0"
"1","1","1","1","0","0","0"
"1","1","1","1","0","1","0"
"1","1","1","1","0","0","0"
"1","1","1","1","0","0","0"
"0","0","0","1","0","0","0"
"0","0","0","1","0","0","0"
"0","0","0","1","0","0","0"
"0","0","0","1","0","0","0"
"1","1","1","1","0","1","0"
"1","1","1","1","0","0","0"
"1","1","1","1","0","1","0"
"1","1","1","1","0","1","0"
"1","1","1","1","0","1","0"
"1","1","1","1","0","1","0"
"1","1","1","1","0","1","0"
"1","1","1","1","0","1","0"
"1","1","1","1","0","0","0"
"1","1","1","1","0","0","0"
"1","1","1","1","0","0","0"
"1","1","1","1","0","0","0"
"1","1","1","1","0","0","0"
"1","1","1","1","0","0","0"
"1","1","1","1","0","0","0"
"1","1","1","1","0","0","0"
"1","1","1","1","0","0","0"
"1","1","1","1","0","0","0"
"1","1","1","1","0","0","0"
"1","1","1","1","0","0","0"
"1","1","1","1","0","0","0"
"1","1","1","1","0","0","0"
"1","1","1","1","0","0","0"
"1","1","1","1","0","0","0"
"1","1","1","1","0","0","0"
"0","0","0","0","0","0","0"
"0","0","0","0","0","0","0"
"0","0","0","0","0","0","0"
"0","0","0","0","0","0","0"
"0","0","0","1","0","0","0"
"0","0","0","0","0","0","0"
"0","0","0","0","0","0","0"
"0","0","0","0","0","0","0"
"0","0","0","0","0","0","0"
"0","0","0","0","0","0","0"
"0","0","0","0","0","0","0"
"0","0","0","0","0","0","0"
"0","0","0","0","0","0","0"
"0","0","0","0","0","0","0"
"0","0","0","0","0","0","0"
"0","0","0","0","0","0","0"
"1","1","1","1","0","0","0"
"0","0","0","0","0","0","0"
"0","0","0","0","0","0","0"
"0","0","0","0","0","0","0"
"0","0","0","0","0","0","0"
"0","0","0","0","0","0","0"
"0","0","0","0","0","0","0"
"0","0","0","0","0","0","0"
"0","0","0","0","0","0","0"
"0","0","0","0","0","0","0"
"0","0","0","0","0","0","0"
"0","0","0","0","0","0","0"
"0","0","0","0","0","0","0"
"0","0","0","0","0","0","0"
"0","0","0","0","0","0","0"
"0","0","0","0","0","0","0"
"0","0","0","0","0","0","0"
"0","0","0","0","0","0","0"
"0","0","0","0","0","0","0"
"0","0","0","0","0","0","0"
"0","0","0","0","0","0","0"
"0","0","0","0","0","0","0"
"0","0","0","0","0","0","0"
"0","0","0","0","0","0","0"
"0","0","0","0","0","0","0"
"0","0","0","0","0","0","0"
"0","0","0","0","0","0","0"
"0","0","0","0","0","0","0"
"1","0","0","0","0","1","0"
"1","0","0","0","0","1","0"
"0","0","0","0","0","0","0"
"0","0","0","0","0","0","0"
"0","0","0","0","0","0","0"
"0","0","0","0","0","0","0"
"0","0","0","0","0","0","0"
"0","0","0","0","0","0","0"
"0","0","0","0","0","0","0"
"0","0","0","0","0","0","0"
"0","0","0","0","0","0","0"
"1","0","0","1","0","1","0"
"0","0","0","0","0","0","0"
"0","0","0","1","0","0","0"
"0","0","0","0","0","0","0"
"0","0","0","1","0","0","0"
"0","0","0","1","0","0","0"
"1","1","1","1","0","0","0"
"1","1","1","1","0","0","0"
"1","1","1","1","0","0","0"
"1","1","1","1","0","0","0"
"1","1","1","1","0","0","0"
"1","1","1","1","0","0","0"
"1","1","1","1","0","0","0"
"1","1","1","1","0","0","0"
"1","1","1","1","0","0","0"
"1","1","1","1","0","0","0"
"1","1","1","1","0","0","0"
"1","1","1","1","0","0","0"
"1","1","1","1","0","0","0"
"1","1","1","1","0","0","0"
"0","0","0","1","0","0","0"
"0","0","0","1","0","0","0"
"0","0","0","1","0","0","0"
"1","1","1","1","0","0","0"
"1","1","1","1","0","1","0"
"1","1","1","1","0","0","0"
"1","1","1","1","0","0","0"
"1","1","1","1","0","0","0"
"1","1","1","1","0","0","0"
"1","1","1","1","0","0","0"
"1","1","1","1","0","0","0"
"1","1","1","1","0","0","0"
"1","1","1","1","0","0","0"
"0","0","0","1","0","0","0"
"1","1","1","1","0","1","0"
"1","1","1","1","0","1","0"
"1","1","1","1","0","1","0"
"1","1","1","1","0","1","0"
"1","1","1","1","0","1","0"
"1","0","0","1","0","1","0"
"0","0","0","1","0","0","0"
"1","1","1","1","0","1","0"
"1","1","1","1","0","1","0"
"1","1","1","1","0","1","0"
"1","1","1","1","0","1","0"
"1","1","1","1","0","1","0"
"1","1","1","1","0","0","0"
"1","1","1","1","0","0","0"
"0","0","0","1","0","0","0"
"0","0","0","1","0","0","0"
"0","0","0","1","0","0","0"
"0","0","0","1","0","0","0"
"0","0","0","1","0","0","0"
"1","1","1","1","0","0","0"
"1","1","1","1","0","0","0"
"1","1","1","1","0","0","0"
"1","1","1","1","0","0","0"
"1","1","1","1","0","0","0"
"1","1","1","1","0","0","0"
"1","1","1","1","0","0","0"
"1","1","1","1","0","0","0"
"1","1","1","1","0","0","0"
"1","1","1","1","0","0","0"
"1","1","1","1","0","0","0"
"1","1","1","1","0","0","0"
"1","1","1","1","0","0","0"
"1","1","1","1","0","0","0"
"1","1","1","1","0","0","0"
"0","0","0","1","0","0","0"
"0","0","0","1","0","0","0"
"0","0","0","1","0","0","0"
"0","0","0","1","0","0","0"
"0","0","0","1","0","0","0"
"0","0","0","1","0","0","0"
"0","0","0","1","0","0","0"
"0","0","0","1","0","0","0"
"0","0","0","1","0","0","0"
"0","0","0","1","0","0","0"
"1","1","1","1","0","0","0"
"0","0","0","1","0","0","0"
"1","1","1","1","0","0","0"
"1","1","1","1","1","0","0"
"1","1","1","1","1","0","0"
"1","1","1","1","1","0","0"
"1","1","1","1","1","0","0"
"1","1","1","1","1","0","0"
"1","1","1","1","1","0","0"
"1","1","1","1","1","0","0"
"1","1","1","1","1","0","0"
"1","1","1","1","1","0","0"
"1","1","1","1","1","0","0"
"1","1","1","1","1","0","0"
"1","1","1","1","1","0","0"
"1","1","1","1","1","0","0"
"1","1","1","1","1","0","0"
"1","1","1","1","0","0","0"
"1","1","1","1","0","0","0"
"1","1","1","1","0","1","0"
"1","1","1","1","0","0","0"
"1","1","1","1","0","1","0"
"1","1","1","1","0","0","0"
"1","1","1","1","0","0","0"
"1","1","1","1","0","0","0"
"1","1","1","1","0","0","0"
"1","1","1","1","0","0","0"
"1","1","1","1","0","0","0"
"1","1","1","1","0","1","0"
"1","1","1","1","0","0","0"
"1","1","1","1","0","0","0"
"1","1","1","1","0","0","0"
"1","1","1","1","0","0","0"
"1","1","1","1","0","0","0"
"1","1","1","1","0","0","0"
"1","1","1","1","0","0","0"
"1","1","1","1","0","0","0"
"1","1","1","1","0","0","0"
"1","1","1","1","0","0","0"
"1","1","1","1","0","0","0"
"1","1","1","1","0","0","0"
"1","1","1","1","0","0","0"
"1","1","1","1","0","0","0"
"1","1","1","1","0","0","0"
"1","1","1","1","0","0","0"
"1","1","1","1","0","0","0"
"1","1","1","1","0","0","0"
"0","0","0","0","0","0","0"
"0","0","0","0","0","0","0"
"0","0","0","0","0","0","0"
"1","1","1","1","0","0","0"
"1","1","1","1","0","0","0"
"0","0","0","0","0","0","0"
"0","0","0","0","0","0","0"
"0","0","0","0","0","0","0"
"1","1","1","1","0","0","0"
"1","1","1","1","0","0","0"
"1","1","1","1","0","0","0"
"1","1","1","1","0","0","0"
"0","0","0","0","0","0","0"
"0","0","0","0","0","0","0"
"0","0","0","0","0","0","0"
"0","0","0","0","0","0","0"
"0","0","0","0","0","0","0"
"0","0","0","0","0","0","0"
"1","1","1","1","0","0","0"
"1","1","1","1","0","0","0"
"1","1","1","1","0","0","0"
"1","1","1","1","0","0","0"
"1","1","1","1","0","0","0"
"1","1","1","1","0","0","0"
"1","1","1","1","0","0","0"
"1","1","1","1","0","0","0"
"1","1","1","1","0","0","0"
"1","1","1","1","0","0","0"
"1","1","1","1","0","0","0"
"1","1","1","1","0","0","0"
"1","1","1","1","0","0","0"
"1","1","1","1","0","0","0"
"1","1","1","1","0","0","0"
"1","1","1","1","0","0","0"
"1","1","1","1","0","0","0"
"1","1","1","1","0","0","0"
"1","1","1","1","0","0","0"
"1","1","1","1","0","0","0"
"1","1","1","1","0","0","0"
"1","1","1","1","0","0","0"
"1","1","1","1","0","0","0"
"1","1","1","1","0","0","0"
"1","1","1","1","0","0","0"
"0","0","0","0","0","0","0"
"0","0","0","0","0","0","0"
"0","0","0","0","0","0","0"
"0","0","0","0","0","0","0"
"0","0","0","0","0","0","0"
"0","0","0","0","0","0","0"
"0","0","0","0","0","0","0"
"0","0","0","0","0","0","0"
"0","0","0","0","0","0","0"
"0","0","0","0","0","0","0"
"1","1","1","1","0","0","0"
"1","1","1","1","0","0","0"
"1","1","1","1","0","0","0"
"1","1","1","1","0","0","0"
"1","1","1","1","0","0","0"
"1","1","1","1","0","0","0"
"1","1","1","1","0","0","0"
"1","1","1","1","0","0","0"
"1","1","1","1","0","0","0"
"1","1","1","1","0","0","0"
"1","1","1","1","0","0","0"
"1","1","1","1","0","0","0"
"1","1","1","1","0","0","0"
"1","1","1","1","0","0","0"
"1","1","1","1","0","0","0"
"1","1","1","1","0","0","0"
"1","1","1","1","0","0","0"
"1","1","1","1","0","0","0"
"1","1","1","1","0","0","0"
"1","1","1","1","0","0","0"
"1","1","1","1","0","0","0"
"1","1","1","1","0","0","0"
"1","1","1","1","0","0","0"
"1","1","1","1","0","0","0"
"1","1","1","1","0","0","0"
"1","1","1","1","0","0","0"
"1","1","1","1","0","0","0"
"1","1","1","1","0","0","0"
"1","1","1","1","0","0","0"
"1","1","1","1","0","0","0"
"1","1","1","1","0","0","0"
"1","1","1","1","0","0","0"
"1","1","1","1","0","0","0"
"1","1","1","1","0","0","0"
"1","1","1","1","0","0","0"
"1","1","1","1","0","0","0"
"1","1","1","1","0","0","0"
"1","1","1","1","0","0","0"
"1","1","1","1","0","0","0"
"1","1","1","1","0","0","0"
"1","1","1","1","0","0","0"
"1","1","1","1","0","0","0"
"1","1","1","1","0","1","0"
"1","1","1","1","0","0","0"
"1","1","1","1","0","0","0"
"1","1","1","1","0","0","0"
"1","1","1","1","0","0","0"
"1","1","1","1","0","0","0"
"1","1","1","1","0","0","0"
"0","0","0","0","0","0","0"
"1","1","1","1","0","0","0"
"1","1","1","1","0","0","0"
"1","1","1","1","0","0","0"
"1","1","1","1","0","0","0"
"1","1","1","1","0","0","0"
"1","1","1","1","0","0","0"
"1","1","1","1","0","0","0"
"1","1","1","1","0","0","0"
"1","1","1","1","0","0","0"
"1","1","1","1","0","0","0"
"1","1","1","1","0","0","0"
"1","1","1","1","0","0","0"
"1","1","1","1","0","0","0"
"1","1","1","1","0","0","0"
"1","1","1","1","0","0","0"
"1","1","1","1","0","0","0"
"1","1","1","1","0","0","0"
"1","1","1","1","0","0","0"
"1","1","1","1","0","0","0"
"1","1","1","1","0","0","0"
"1","1","1","1","0","0","0"
"1","1","1","1","0","0","0"
"1","1","1","1","0","0","0"
"1","1","1","1","0","0","0"
"1","1","1","1","0","0","0"
"1","1","1","1","0","0","0"
"1","1","1","1","0","0","0"
"1","1","1","1","0","0","0"
"1","1","1","1","0","0","0"
"1","1","1","1","0","0","0"
"1","1","1","1","0","0","0"
"1","1","1","1","0","0","0"
"1","1","1","1","0","0","0"
"1","1","1","1","0","0","0"
"1","1","1","1","0","0","0"
"1","1","1","1","0","0","0"
"1","1","1","1","0","0","0"
"1","1","1","1","0","0","0"
"1","1","1","1","0","0","0"
"1","1","1","1","0","0","0"
"1","1","1","1","0","0","0"
"1","1","1","1","0","0","0"
"1","1","1","1","0","0","0"
"1","1","1","1","0","0","0"
"1","1","1","1","0","0","0"
"1","1","1","1","0","0","0"
"1","1","1","1","0","0","0"
"1","1","1","1","0","0","0"
"1","1","1","1","0","0","0"
"1","1","1","1","0","0","0"
"1","1","1","1","0","0","0"
"1","1","1","1","0","0","0"
"1","1","1","1","0","0","0"
"1","1","1","1","0","0","0"
"1","1","1","1","0","0","0"
"1","1","1","1","0","0","0"
"1","1","1","1","0","0","0"
"1","1","1","1","0","0","0"
"1","1","1","1","0","0","0"
"1","1","1","1","0","0","0"
"1","1","1","1","0","0","0"
"1","1","1","1","0","0","0"
"1","1","1","1","0","0","0"
"1","1","1","1","0","0","0"
"1","1","1","1","0","0","0"
"1","1","1","1","0","0","0"
"1","1","1","1","0","0","0"
"1","1","1","1","0","0","0"
"1","1","1","1","0","0","0"
"1","1","1","1","0","0","0"
"1","1","1","1","0","0","0"
"1","1","1","1","0","0","0"
"1","1","1","1","0","0","0"
"1","1","1","1","0","0","0"
"1","1","1","1","0","0","0"
"1","1","1","1","0","0","0"
"1","1","1","1","0","0","0"
"0","0","0","0","0","0","0"
"1","1","1","1","0","0","0"
"1","1","1","1","0","0","0"
"1","1","1","1","0","0","0"
"1","1","1","1","0","0","0"
"1","1","1","1","0","0","0"
"1","1","1","1","0","0","0"
"1","1","1","1","0","0","0"
"1","1","1","1","0","0","0"
"1","1","1","1","0","0","0"
"1","1","1","1","0","0","0"
"1","1","1","1","0","0","0"
"1","1","1","1","0","0","0"
"1","1","1","1","0","0","0"
"1","1","1","1","0","0","0"
"1","1","1","1","0","0","0"
"1","1","1","1","0","0","0"
"1","1","1","1","0","1","0"
"1","1","1","1","0","1","0"
"1","1","1","1","0","1","0"
"1","1","1","1","0","1","0"
"1","1","1","1","0","1","0"
"0","0","0","0","0","0","0"
"0","0","0","0","0","0","0"
"0","0","0","0","0","0","0"
"0","0","0","0","0","0","0"
"0","0","0","0","0","0","0"
"0","0","0","0","0","0","0"
"0","0","0","0","0","0","0"
"0","0","0","0","0","0","0"
"0","0","0","0","0","0","0"
"0","0","0","0","0","0","0"
"0","0","0","0","0","0","0"
"0","0","0","0","0","0","0"
"0","0","0","0","0","0","0"
"0","0","0","0","0","0","0"
"0","0","0","0","0","0","0"
"0","0","0","0","0","0","0"
"0","0","0","0","0","0","0"
"0","0","0","0","0","0","0"
"0","0","0","0","0","0","0"
"0","0","0","0","0","0","0"
"0","0","0","0","0","0","0"
"0","0","0","0","0","0","0"
"0","0","0","0","0","0","0"
"0","0","0","0","0","0","0"
"0","0","0","0","0","0","0"
"1","1","1","1","0","0","0"
"1","1","1","1","0","0","0"
"1","1","1","1","0","1","0"
"1","1","1","1","0","0","0"
"1","1","1","1","0","0","1"
"1","1","1","1","0","0","1"
"1","1","1","1","0","0","0"
"1","1","1","1","0","1","0"
"1","1","1","1","0","0","0"
"1","1","1","1","0","0","0"
"1","1","1","1","0","0","1"
"1","1","1","1","0","1","1"
"0","0","0","0","0","0","0"
"0","0","0","0","0","0","0"
"0","0","0","1","0","0","0"
"0","0","0","0","0","0","0"
"1","0","0","1","0","1","0"
"1","0","0","1","0","1","0"
"1","0","0","1","0","1","0"
"1","0","0","1","0","0","1"
"1","0","0","1","0","0","1"
"1","0","0","1","0","1","1"
"1","0","0","1","0","1","1"
"1","0","0","1","0","1","1"
"1","0","0","1","0","1","1"
"1","0","0","1","0","0","1"
"1","0","0","1","0","0","1"
"1","0","0","1","0","1","1"
"1","0","0","1","0","1","1"
"1","0","0","1","0","1","1"
"1","0","0","1","0","1","1"
"1","0","0","1","0","1","1"
"1","0","0","1","0","1","1"
"1","0","0","1","0","0","1"
"1","0","0","1","0","1","1"
"1","0","0","1","0","1","1"
"1","0","0","1","0","1","1"
"1","0","0","1","0","1","1"
"1","0","0","1","0","0","1"
"1","0","0","1","0","0","1"
"1","0","0","1","0","1","1"
"1","0","0","1","0","0","1"
"1","0","0","1","0","1","1"
"1","0","0","1","0","1","1"
"1","0","0","1","0","0","1"
"1","0","0","1","0","1","1"
"1","0","0","1","0","1","1"
"1","0","0","1","0","1","1"
"1","0","0","1","0","0","1"
"1","0","0","1","0","1","1"
"1","0","0","1","0","1","1"
"1","0","0","1","0","1","1"
"1","0","0","1","0","1","1"
"1","0","0","1","0","1","1"
"1","0","0","1","0","0","1"
"1","0","0","1","0","0","1"
"1","0","0","1","0","1","1"
"1","0","0","1","0","1","1"
"1","0","0","1","0","0","1"
"1","0","0","1","0","1","1"
"1","0","0","1","0","1","1"
"1","0","0","1","0","0","1"
"1","0","0","1","0","0","1"
"1","0","0","1","0","0","1"
"1","0","0","1","0","0","1"
"1","0","0","1","0","1","1"
"1","0","0","1","0","1","1"
"1","0","0","1","0","1","1"
"1","0","0","1","0","1","1"
"1","0","0","1","0","1","1"
"1","0","0","1","0","1","1"
"1","0","0","1","0","0","1"
"1","0","0","1","0","1","1"
"1","0","0","1","0","0","1"
"1","0","0","1","0","1","1"
"1","0","0","1","0","1","1"
"1","0","0","1","0","0","1"
"1","0","0","1","0","0","1"
"1","0","0","1","0","0","1"
"1","0","0","1","0","1","1"
"1","0","0","1","0","1","1"
"1","0","0","1","0","1","1"
"1","0","0","1","0","0","1"
"1","0","0","1","0","1","1"
"1","0","0","1","0","1","1"
"1","0","0","1","0","1","1"
"1","0","0","1","0","0","1"
"1","0","0","1","0","1","1"
"1","0","0","1","0","1","1"
"1","0","0","1","0","1","1"
"1","0","0","1","0","0","1"
"1","0","0","1","0","0","1"
"1","0","0","1","0","0","1"
"1","0","0","1","0","0","1"
"1","0","0","1","0","1","1"
"1","0","0","1","0","0","1"
"1","0","0","1","0","1","1"
"1","0","0","1","0","0","1"
"1","0","0","1","0","1","1"
"1","0","0","1","0","1","1"
"1","0","0","1","0","0","1"
"1","0","0","1","0","1","1"
"1","0","0","1","0","1","1"
"1","0","0","1","0","0","1"
"1","0","0","1","0","1","1"
"1","0","0","1","0","1","1"
"1","0","0","1","0","1","1"
"1","0","0","1","0","0","1"
"1","0","0","1","0","0","1"
"1","0","0","1","0","1","0"
"1","0","0","1","0","1","1"
"1","0","0","1","0","1","1"
"1","0","0","1","0","1","1"
"1","0","0","1","0","1","1"
"1","0","0","1","0","1","1"
"1","0","0","1","0","1","1"
"1","0","0","1","0","1","0"
"1","0","0","1","0","1","0"
"1","0","0","1","0","1","0"
"1","0","0","1","0","1","0"
"1","0","0","1","0","1","0"
"1","0","0","1","0","1","0"
"1","0","0","1","0","1","1"
"1","0","0","1","0","1","1"
"1","0","0","1","0","1","1"
"1","0","0","1","0","0","1"
"1","0","0","1","0","1","1"
"1","0","0","1","0","1","1"
"1","0","0","1","0","0","1"
"1","0","0","1","0","1","1"
"1","0","0","1","0","1","1"
"1","0","0","1","0","1","1"
"1","0","0","1","0","1","0"
"1","1","1","1","0","0","1"
"1","1","1","1","0","0","0"
"1","1","1","1","0","0","0"
"1","1","1","1","0","0","0"
"0","0","1","1","0","0","0"
"0","0","1","1","0","0","0"
"0","0","1","1","0","0","0"
"0","0","1","1","0","0","0"
"0","0","1","1","0","0","0"
"0","0","0","1","0","0","0"
"1","1","1","1","0","0","0"
"0","0","0","1","0","0","0"
"1","0","0","1","0","1","0"
"1","1","1","1","0","0","0"
"1","1","1","1","0","0","0"
"1","1","1","1","0","0","0"
"1","1","1","1","0","0","0"
"1","1","1","1","0","0","0"
"1","1","1","1","0","0","0"
"1","1","1","1","0","0","0"
"1","1","1","1","0","0","0"
"1","1","1","1","0","0","0"
"1","1","1","1","0","0","0"
"1","1","1","1","0","0","0"
"1","1","1","1","0","0","0"
"1","1","1","1","0","0","0"
"1","1","1","1","0","0","0"
"1","1","1","1","0","1","0"
"1","1","1","1","0","0","0"
"1","1","1","1","0","0","0"
"1","1","1","1","0","0","0"
"1","1","1","1","0","0","0"
"1","1","1","1","0","1","0"
"1","1","1","1","0","0","0"
"1","1","1","1","0","1","0"
"1","1","1","1","0","0","0"
"1","1","1","1","0","0","0"
"1","1","1","1","0","1","0"
"1","1","1","1","0","1","0"
"1","0","0","1","0","1","0"
"1","0","0","1","0","1","0"
"1","0","0","1","0","1","0"
"1","0","0","1","0","1","0"
"1","0","0","1","0","1","0"
"1","1","1","1","0","0","0"
"1","1","1","1","0","0","0"
"1","1","1","1","0","0","0"
"1","1","1","1","0","0","0"
"1","1","1","1","0","0","0"
"1","1","1","1","0","0","0"
"1","1","1","1","0","0","0"
"1","0","0","1","0","1","0"
"1","1","1","1","0","0","0"
"1","1","1","1","0","0","0"
"1","1","1","1","0","0","0"
"1","1","1","1","0","0","0"
"1","1","1","1","0","0","0"
"1","1","1","1","0","1","0"
"1","1","1","1","0","1","0"
"1","1","1","1","0","1","0"
"1","1","1","1","0","1","0"
"1","1","1","1","0","0","0"
"1","1","1","1","0","0","0"
"1","1","1","1","0","0","0"
"1","1","1","1","0","0","0"
"1","1","1","1","0","1","0"
"1","1","1","1","0","0","0"
"1","1","1","1","0","0","0"
"1","1","1","1","0","1","0"
"1","1","1","1","0","1","0"
"1","1","1","1","0","0","0"
"1","1","1","1","0","0","0"
"1","1","1","1","0","1","0"
"1","1","1","1","0","1","0"
"1","1","1","1","0","0","0"
"1","1","1","1","0","0","0"
"1","1","1","1","0","1","0"
"1","1","1","1","0","0","0"
"1","1","1","1","0","0","0"
"1","1","1","1","0","1","0"
"1","1","1","1","0","1","0"
"1","1","1","1","0","0","0"
"1","1","1","1","0","0","0"
"1","1","1","1","0","0","0"
"1","1","1","1","0","1","0"
"1","1","1","1","0","0","0"
"1","1","1","1","0","1","0"
"1","1","1","1","0","0","0"
"1","1","1","1","0","0","0"
"1","1","1","1","0","0","0"
"1","1","1","1","0","0","0"
"1","1","1","1","0","0","0"
"1","1","1","1","0","0","0"
"1","1","1","1","0","0","0"
"1","1","1","0","0","1","0"
"1","1","1","1","0","1","0"
"1","1","1","1","0","1","0"
"1","1","1","1","0","1","0"
"1","1","1","1","0","0","0"
"1","1","1","1","0","0","0"
"1","1","1","1","0","0","0"
"1","1","1","1","0","1","0"
"1","1","1","1","0","1","0"
"1","1","1","1","0","1","0"
"1","1","1","1","0","0","0"
"1","1","1","1","0","1","0"
"1","1","1","1","0","1","0"
"1","1","1","1","0","0","0"
"1","1","1","1","0","0","0"
"1","1","1","1","0","0","0"
"1","1","1","1","0","0","0"
"1","1","1","1","0","0","0"
"1","1","1","1","0","0","0"
"1","1","1","1","0","0","0"
"1","1","1","1","0","0","0"
"1","1","1","1","0","0","0"
"1","1","1","1","0","0","0"
"1","1","1","1","0","0","0"
"1","1","1","1","0","1","0"
"1","1","1","1","0","1","0"
"1","1","1","1","0","0","0"
"1","1","1","1","0","0","0"
"1","1","1","1","0","0","0"
"1","1","1","1","0","0","0"
"1","1","1","1","0","0","0"
"1","1","1","1","0","0","0"
"1","1","1","1","0","0","0"
"1","1","1","1","0","0","0"
"1","1","1","1","0","1","0"
"1","1","1","1","0","0","0"
"1","1","1","1","0","1","0"
"1","1","1","1","0","1","0"
"1","1","1","1","0","1","0"
"1","1","1","1","0","0","0"
"1","1","1","1","0","0","0"
"1","1","1","1","0","0","0"
"1","1","1","1","0","0","0"
"1","1","1","1","0","0","0"
"1","1","1","1","0","0","0"
"1","1","1","1","0","0","0"
"1","1","1","1","0","0","0"
"1","1","1","1","0","0","0"
"1","1","1","1","0","0","0"
"1","1","1","1","0","0","0"
"1","1","1","1","0","0","0"
"1","1","1","1","0","0","0"
"1","1","1","1","0","0","0"
"1","1","1","1","0","0","0"
"1","1","1","1","0","0","0"
"1","1","0","1","0","1","0"
"1","1","1","1","0","0","0"
"1","1","1","1","0","1","0"
"1","1","1","1","0","1","0"
"1","1","1","1","0","1","0"
"1","1","1","1","0","1","0"
"1","1","1","1","0","1","0"
"1","1","1","1","0","0","0"
"1","1","1","1","0","0","0"
"1","1","1","1","0","0","0"
"1","1","1","1","0","0","0"
"1","1","1","1","0","1","0"
"1","1","1","1","0","0","0"
"1","0","0","1","0","1","0"
"1","0","0","1","0","1","0"
"1","0","0","1","0","1","0"
"1","0","0","1","0","1","0"
"0","0","0","1","0","0","0"
"1","0","0","1","0","1","0"
"1","1","1","1","0","0","0"
"1","1","1","1","0","0","0"
"1","1","1","1","0","0","0"
"1","1","1","1","0","0","0"
"1","1","1","1","0","0","0"
"1","1","1","1","0","0","0"
"1","1","1","1","0","1","0"
"1","1","1","1","0","0","0"
"1","1","1","1","0","1","0"
"1","1","1","1","0","0","0"
"1","1","1","1","0","0","0"
"1","1","1","1","0","0","0"
"1","1","1","1","0","0","0"
"1","1","1","1","0","0","0"
"1","1","1","1","0","1","0"
"1","1","1","1","0","1","0"
"1","1","1","1","0","1","0"
"1","0","0","1","0","1","0"
"1","0","0","1","0","1","0"
"1","0","0","1","0","1","0"
"1","0","0","1","0","1","0"
"1","0","0","1","0","1","0"
"1","0","0","1","0","1","0"
"1","0","0","1","0","1","0"
"1","0","0","1","0","1","0"
"1","0","0","1","0","1","0"
"1","0","0","1","0","1","0"
"1","0","0","1","0","1","0"
"1","0","0","1","0","1","0"
"1","0","0","1","0","1","0"
"1","0","0","1","0","1","0"
"1","0","0","1","0","1","0"
"1","0","0","1","0","1","0"
"1","0","0","1","0","1","0"
"1","0","0","1","0","1","0"
"1","0","0","1","0","1","0"
"1","0","0","1","0","1","0"
"1","0","0","1","0","1","0"
"1","0","0","1","0","1","0"
"1","0","0","1","0","1","0"
"1","0","0","1","0","1","0"
"1","1","1","1","0","0","0"
"1","1","1","1","0","0","0"
"1","1","1","1","0","1","0"
"1","1","1","1","0","1","0"
"1","1","1","1","0","1","0"
"1","1","1","1","0","1","0"
"1","1","1","1","0","1","0"
"1","1","1","1","0","1","0"
"1","1","1","1","0","1","0"
"1","1","1","1","0","1","0"
"1","1","1","1","0","1","0"
"1","1","1","1","0","1","0"
"1","1","1","1","0","1","0"
"1","1","1","1","0","0","0"
"1","1","1","1","0","1","0"
"1","1","1","1","0","1","0"
"1","1","1","1","0","0","0"
"1","1","1","1","0","0","0"
"0","1","0","1","0","0","0"
"1","1","1","1","0","1","0"
"1","1","1","1","0","0","0"
"1","1","1","1","0","0","0"
"1","1","1","1","0","0","0"
"1","1","1","1","0","0","0"
"1","1","1","1","0","0","0"
"1","1","1","1","0","0","0"
"1","0","0","1","0","1","0"
"1","0","0","1","0","1","0"
"0","0","0","1","0","0","0"
"0","0","0","1","0","0","0"
"1","1","1","1","0","0","0"
"1","1","1","1","0","0","0"
"1","1","1","1","0","0","0"
"1","1","1","1","0","0","0"
"1","1","1","1","0","0","0"
"1","1","1","1","0","0","0"
"1","1","1","1","0","0","0"
"1","1","1","1","0","0","0"
"1","1","1","1","0","0","0"
"1","1","1","1","0","0","0"
"1","1","1","1","0","0","0"
"1","1","1","1","0","0","0"
"1","1","1","1","0","0","0"
"1","1","1","1","0","0","0"
"1","1","1","1","0","0","0"
"1","1","1","1","0","0","0"
"1","1","1","1","0","0","0"
"1","1","1","1","0","1","0"
"1","1","1","1","0","0","0"
"1","1","1","1","0","0","0"
"1","1","1","1","0","0","0"
"1","1","1","1","0","0","0"
"1","1","1","1","0","0","0"
"1","1","1","1","0","0","0"
"1","1","1","1","0","0","0"
"1","1","1","1","0","0","0"
"1","1","1","1","0","0","0"
"1","1","1","1","0","0","0"
"1","1","1","1","0","1","0"
"1","0","0","1","0","1","0"
"1","1","1","1","0","0","0"
"1","1","1","1","0","0","0"
"1","1","1","1","0","0","0"
"1","1","1","1","0","0","0"
"1","1","1","1","0","0","0"
"1","1","1","1","0","0","0"
"1","1","1","1","0","1","0"
"1","1","1","1","0","1","0"
"1","1","1","1","0","0","0"
"1","1","1","1","0","0","0"
"1","1","1","1","0","0","0"
"1","1","1","1","0","0","0"
"1","1","1","1","0","0","0"
"1","1","1","1","0","0","0"
"1","1","1","1","0","0","0"
"1","1","1","1","0","0","0"
"1","1","1","1","0","0","0"
"1","1","1","1","0","0","0"
"1","1","1","1","0","0","0"
"1","1","1","1","0","0","0"
"1","1","1","1","0","0","0"
"1","1","1","1","0","0","0"
"1","1","1","1","0","0","0"
"1","1","1","1","0","0","0"
"1","1","1","1","0","1","0"
"1","1","1","1","0","0","0"
"1","1","1","1","0","1","0"
"1","1","1","1","0","1","0"
"1","1","1","1","0","1","0"
"1","1","1","1","0","1","0"
"1","0","0","1","0","1","0"
"0","0","0","1","0","0","0"
"1","0","0","1","0","1","0"
"1","0","0","1","0","1","0"
"0","0","0","1","0","0","0"
"1","0","0","1","0","1","0"
"1","1","1","1","0","1","0"
"1","1","1","1","0","0","0"
"1","1","1","1","0","0","0"
"1","1","1","1","0","0","0"
"1","1","1","1","0","0","0"
"1","1","1","1","0","0","0"
"1","1","1","1","0","1","0"
"1","1","1","1","0","0","0"
"1","1","1","1","0","0","0"
"1","1","1","1","0","1","0"
"1","1","1","1","0","0","0"
"1","1","1","1","0","0","0"
"1","1","1","1","0","0","0"
"1","1","1","1","0","0","0"
"1","1","1","1","0","0","0"
"1","1","1","1","0","0","0"
"1","1","1","1","0","0","0"
"1","1","1","1","0","0","0"
"1","1","1","1","0","0","0"
"1","1","1","1","0","0","0"
"1","1","1","1","0","1","0"
"1","0","0","1","0","1","0"
"1","0","0","1","0","1","0"
"1","1","1","1","0","0","0"
"1","1","1","1","0","0","0"
"1","1","1","1","0","0","0"
"1","1","1","1","0","0","0"
"1","1","1","1","0","0","0"
"1","1","1","1","0","0","0"
"1","1","1","1","0","0","0"
"1","1","1","1","0","1","0"
"1","1","1","1","0","0","0"
"1","1","1","1","0","0","0"
"1","1","1","1","0","0","0"
"1","1","1","1","0","1","0"
"1","1","1","1","0","1","0"
"1","1","1","1","0","0","0"
"1","1","1","1","0","1","0"
"1","1","1","1","0","1","0"
"1","1","1","1","0","1","0"
"1","1","1","1","0","0","0"
"1","0","0","1","0","1","0"
"1","1","1","1","0","0","0"
"1","1","1","1","0","0","0"
"1","1","1","1","0","0","0"
"1","1","1","1","0","0","0"
"1","1","1","1","0","0","0"
"1","1","1","1","0","1","0"
"1","1","1","1","0","1","0"
"1","1","1","1","0","0","0"
"1","1","1","1","0","0","0"
"1","1","1","1","0","0","0"
"1","1","1","1","0","0","0"
"1","1","1","1","0","0","0"
"1","1","1","1","0","1","0"
"1","0","0","1","0","1","0"
"1","0","0","1","0","1","0"
"1","1","1","1","0","1","0"
"1","1","1","1","0","1","0"
"1","1","1","1","0","1","0"
"1","1","1","1","0","1","0"
"1","1","1","1","0","0","0"
"1","1","1","1","0","0","0"
"1","1","1","1","0","0","0"
"1","1","1","1","0","0","0"
"1","1","1","1","0","1","0"
"1","1","1","1","0","0","0"
"1","1","1","1","0","0","0"
"1","1","1","1","0","0","0"
"1","1","1","1","0","0","0"
"1","1","1","1","0","0","0"
"1","1","1","1","0","0","0"
"1","1","1","1","0","0","0"
"0","0","0","1","0","0","0"
"1","1","1","1","0","0","0"
"1","1","1","1","0","0","0"
"1","1","1","1","0","0","0"
"1","1","1","1","0","0","0"
"1","1","1","1","0","0","0"
"1","1","1","1","0","0","0"
"1","1","1","1","0","0","0"
"1","1","1","1","0","0","0"
"1","1","1","1","0","0","0"
"1","1","1","1","0","0","0"
"1","1","1","1","0","0","0"
"1","1","1","1","0","0","0"
"1","1","1","1","0","0","0"
"1","1","1","1","0","0","0"
"1","1","1","1","0","0","0"
"1","1","1","1","0","0","0"
"1","1","1","1","0","0","0"
"1","1","1","1","0","0","0"
"1","1","1","1","0","0","0"
"1","1","1","1","0","0","0"
"1","1","1","1","0","0","0"
"1","1","1","1","0","0","0"
"1","1","1","1","0","0","0"
"1","1","1","1","0","0","0"
"1","1","1","1","0","0","0"
"1","1","1","1","0","0","0"
"1","1","1","1","0","0","0"
"1","1","1","1","0","0","0"
"1","1","1","1","0","1","0"
"1","1","1","1","0","0","0"
"1","1","1","1","0","0","0"
"1","1","1","1","0","0","0"
"1","1","1","1","0","1","0"
"1","1","1","1","0","0","0"
"1","1","1","1","0","1","0"
"1","1","1","1","0","1","0"
"1","0","0","1","0","1","0"
"1","0","0","1","0","1","0"
"1","1","1","1","0","0","0"
"0","0","0","0","0","0","0"
"1","1","1","1","0","1","0"
"1","1","1","1","0","0","0"
"1","1","1","1","0","0","0"
"1","1","1","1","0","0","0"
"1","1","1","1","0","0","0"
"1","1","1","1","0","0","0"
"1","1","1","1","0","0","0"
"1","1","1","1","0","0","0"
"1","1","1","1","0","0","0"
"1","1","1","1","0","0","0"
"1","1","1","1","0","0","0"
"1","1","1","1","0","0","0"
"1","0","0","0","0","1","0"
"1","1","1","1","0","0","0"
"1","1","1","1","0","0","0"
"1","1","1","1","0","0","0"
"1","1","1","1","0","0","0"
"1","1","1","1","0","0","0"
"1","1","1","1","0","0","0"
"1","1","1","1","0","0","0"
"1","1","1","1","0","0","0"
"1","1","1","1","0","0","0"
"1","1","1","1","0","0","0"
"1","1","1","1","0","0","0"
"1","1","1","1","0","0","0"
"1","1","1","1","0","0","0"
"1","1","1","1","0","0","0"
"1","1","1","1","0","0","0"
"1","1","1","1","0","0","0"
"1","1","1","1","0","0","0"
"1","1","1","1","0","0","0"
"1","1","1","1","0","0","0"
"1","1","1","1","0","0","0"
"1","1","1","1","0","0","0"
"1","1","1","1","0","0","0"
"1","1","1","1","0","0","0"
"1","1","1","1","0","0","0"
"1","1","1","1","0","0","0"
"1","1","1","1","0","0","0"
"1","1","1","1","0","0","0"
"1","1","1","1","0","0","0"
"1","1","1","1","0","0","0"
"1","1","1","1","0","0","0"
"1","1","1","1","0","0","0"
"1","1","1","1","0","0","0"
"1","1","1","1","0","0","0"
"1","1","1","1","0","0","0"
"1","1","1","1","0","0","0"
"1","1","1","1","0","0","0"
"1","1","1","1","0","0","0"
"1","1","1","1","0","0","0"
"1","1","1","1","0","0","0"
"1","1","1","1","0","0","0"
"1","1","1","1","0","0","0"
"1","1","1","1","0","0","0"
"1","1","1","1","0","0","0"
"1","1","1","1","0","0","0"
"1","1","1","1","0","0","0"
"1","1","1","1","0","0","0"
"1","1","1","1","0","0","0"
"1","1","1","1","0","0","0"
"1","1","1","1","0","0","0"
"1","1","1","1","0","0","0"
"1","1","1","1","0","0","0"
"1","1","1","1","0","0","0"
"1","1","1","1","0","0","0"
"1","1","1","1","0","1","0"
"1","1","1","1","0","1","0"
"1","1","1","1","0","1","0"
"1","1","1","1","0","1","0"
"1","1","1","1","0","0","0"
"1","1","1","1","0","1","0"
"1","1","1","1","0","1","0"
"1","1","1","1","0","1","0"
"1","1","1","1","0","0","0"
"1","1","1","1","0","0","0"
"1","1","1","1","0","0","0"
"1","1","1","1","0","0","0"
"1","1","1","1","0","0","0"
"1","1","1","1","0","0","0"
"1","1","1","1","0","0","0"
"1","1","1","1","0","0","0"
"1","1","1","1","0","0","0"
"1","1","1","1","0","0","0"
"1","1","1","1","0","0","0"
"1","1","1","1","0","1","0"
"1","1","1","1","0","0","0"
"1","1","1","1","0","0","0"
"1","1","1","1","0","1","0"
"1","1","1","1","0","1","0"
"1","1","1","1","0","1","0"
"1","1","1","1","0","1","0"
"1","1","1","1","0","1","0"
"1","1","1","1","0","0","0"
"1","1","1","1","0","1","0"
"1","1","1","1","0","1","0"
"1","1","1","1","0","0","0"
"1","1","1","1","0","0","0"
"1","1","1","1","0","0","0"
"1","1","1","1","0","0","0"
"1","1","1","1","0","0","0"
"1","1","1","0","0","0","0"
"1","1","1","1","0","0","0"
"1","1","1","1","0","1","0"
"0","0","0","0","0","0","0"
"1","1","1","1","0","0","0"
"1","1","1","1","0","0","0"
"1","1","1","1","0","1","0"
"1","1","1","1","0","0","0"
"1","1","1","1","0","1","0"
"1","1","1","1","0","1","0"
"1","1","1","1","0","0","0"
"1","1","1","1","0","0","0"
"1","1","1","1","0","0","0"
"1","1","1","1","0","0","0"
"1","1","1","1","0","0","0"
"1","1","1","1","0","0","0"
"1","1","1","1","0","0","0"
"1","1","1","1","0","0","0"
"1","1","1","1","0","0","0"
"1","1","1","1","0","0","0"
"1","1","1","1","0","0","0"
"1","1","1","1","0","0","0"
"1","1","1","1","0","0","0"
"1","1","1","1","0","0","0"
"1","1","1","1","0","0","0"
"1","1","1","1","0","0","0"
"1","1","1","1","0","0","0"
"1","1","1","1","0","0","0"
"1","1","1","1","0","0","0"
"1","1","1","1","0","0","0"
"1","1","1","1","0","0","0"
"1","1","1","1","0","0","0"
"1","1","1","1","0","0","0"
"1","1","1","1","0","0","0"
"1","1","1","1","0","0","0"
"1","1","1","1","0","0","0"
"1","1","1","1","0","0","0"
"1","1","1","1","0","0","0"
"1","1","1","1","0","0","0"
"1","1","1","1","0","0","0"
"1","1","1","1","0","0","0"
"1","1","1","1","0","0","0"
"1","1","1","1","0","0","0"
"1","1","1","1","0","0","0"
"1","1","1","1","0","0","0"
"1","1","1","1","0","0","0"
"1","1","1","1","0","0","0"
"1","1","1","1","0","0","0"
"1","1","1","1","0","0","0"
"1","1","1","1","0","0","0"
"0","0","0","1","0","0","0"
"1","1","1","1","0","1","0"
"1","1","1","1","0","1","0"
"1","1","1","1","0","1","0"
"1","1","1","1","0","0","0"
"1","1","1","1","0","0","0"
"1","1","1","1","0","0","0"
"1","1","1","1","0","0","0"
"1","1","1","1","0","1","0"
"1","1","1","1","0","1","0"
"1","1","1","1","0","0","0"
"1","1","1","1","0","0","0"
"1","1","1","1","0","0","0"
"0","0","1","0","0","0","0"
"1","1","1","1","0","0","0"
"1","1","1","1","0","0","0"
"1","1","1","1","0","0","0"
"1","1","1","1","0","0","0"
"1","1","1","1","0","0","0"
"1","1","1","1","0","0","0"
"0","0","1","0","0","0","0"
"1","1","1","1","0","0","0"
"1","1","1","1","0","0","0"
"1","1","1","1","0","0","0"
"1","1","1","1","0","0","0"
"1","1","1","1","0","0","0"
"1","1","1","1","0","0","0"
"1","1","1","1","0","0","0"
"1","1","1","1","0","0","0"
"1","1","1","1","0","0","0"
"1","1","1","1","0","0","0"
"1","1","1","1","0","0","0"
"1","1","1","1","0","0","0"
"1","1","1","1","0","0","0"
"1","1","1","1","0","0","0"
"1","1","1","1","0","1","0"
"1","0","0","1","0","1","0"
"1","0","0","1","0","1","0"
"1","1","1","1","0","1","0"
"1","1","1","1","0","0","0"
"1","1","1","1","0","0","0"
"1","1","1","1","0","0","0"
"1","1","1","1","0","0","0"
"1","0","0","1","0","1","0"
"1","1","1","1","0","0","0"
"1","1","1","1","0","0","0"
"1","1","1","1","0","0","0"
"0","0","0","0","0","0","0"
"0","0","0","0","0","0","0"
"0","0","0","0","0","0","0"
"0","0","0","0","0","0","0"
"1","0","0","1","0","1","0"
"1","0","0","1","0","1","0"
"1","0","0","1","0","1","0"
"1","0","0","1","0","1","0"
"1","0","0","1","0","1","0"
"1","0","0","1","0","1","0"
"1","0","0","1","0","1","0"
"1","0","0","1","0","1","0"
"1","0","0","1","0","1","0"
"1","0","0","1","0","1","0"
"1","0","0","1","0","1","0"
"1","0","0","1","0","1","0"
"1","0","0","1","0","1","0"
"1","0","0","1","0","1","0"
"1","0","0","1","0","1","0"
"1","0","0","1","0","1","0"
"1","0","0","1","0","1","0"
"1","0","0","1","0","1","0"
"1","1","1","1","0","0","0"
"1","1","1","1","0","0","0"
"1","1","1","1","0","0","0"
"1","1","1","1","0","0","0"
"1","1","1","1","0","0","0"
"1","0","0","1","0","1","0"
"1","0","0","1","0","1","0"
"1","0","0","1","0","1","0"
"1","0","0","1","0","1","0"
"1","0","0","1","0","1","0"
"0","0","0","1","0","0","0"
"1","0","0","1","0","1","0"
"1","0","0","1","0","1","0"
"1","0","0","1","0","1","0"
"1","0","0","1","0","1","0"
"0","0","0","1","0","0","0"
"0","0","0","1","0","0","0"
"0","0","0","1","0","0","0"
"1","0","0","1","0","1","0"
"1","1","1","1","0","1","0"
"1","1","1","1","0","1","0"
"1","1","1","1","0","0","0"
"0","0","0","0","0","0","0"
"0","0","0","0","0","0","0"
"0","0","0","0","0","0","0"
"1","1","1","1","0","0","0"
"1","0","0","0","0","1","0"
"0","0","0","0","0","0","0"
"0","0","0","0","0","0","0"
"1","1","1","1","0","1","0"
"0","0","0","0","0","0","0"
"0","0","0","0","0","0","0"
"1","1","1","1","0","0","0"
"1","1","1","1","0","0","0"
"1","1","1","1","0","0","0"
"1","0","0","0","0","1","0"
"0","0","0","1","0","0","0"
"0","0","0","1","0","0","0"
"0","0","0","0","0","0","0"
"0","0","0","0","0","0","0"
"0","0","0","0","0","0","0"
"0","0","0","0","0","0","0"
"0","0","0","0","0","0","0"
"1","1","1","1","0","0","0"
"0","0","0","0","0","0","0"
"1","1","1","1","0","1","0"
"1","1","1","1","0","1","0"
"1","1","1","1","0","1","0"
"1","1","1","1","0","0","0"
"1","1","1","1","0","0","0"
"1","1","1","1","0","0","0"
"1","1","1","1","0","1","0"
"1","1","1","1","0","1","0"
"1","1","1","1","0","1","0"
"1","1","1","1","0","0","0"
"1","1","1","1","0","1","0"
"0","0","0","1","0","0","0"
"0","0","0","0","0","0","0"
"1","1","1","1","0","0","0"
"1","1","1","1","0","1","0"
"1","1","1","1","0","0","0"
"1","1","1","1","0","0","0"
"1","1","1","1","0","0","0"
"1","1","1","1","0","0","0"
"1","1","1","1","0","0","0"
"1","1","1","1","0","0","0"
"1","1","1","1","0","0","0"
"1","1","1","1","0","0","0"
"1","1","1","1","0","0","0"
"1","1","1","1","0","0","0"
"1","1","1","1","0","0","1"
"1","1","1","1","0","0","0"
"1","1","1","1","0","0","0"
"1","1","1","1","0","0","0"
"1","1","1","1","0","0","0"
"1","1","1","1","0","0","0"
"1","1","1","1","0","0","0"
"1","1","1","1","0","0","0"
"1","1","1","1","0","0","0"
"1","1","1","1","0","0","0"
"1","1","1","1","0","0","0"
"1","1","1","1","0","0","0"
"1","1","1","1","0","0","0"
"1","1","1","1","0","0","0"
"1","1","1","1","0","0","0"
"1","1","1","1","0","0","0"
"1","1","1","1","0","0","0"
"1","1","1","1","0","0","0"
"1","1","1","1","0","0","0"
"1","1","1","1","0","0","0"
"1","1","1","1","0","0","0"
"1","1","1","1","0","0","0"
"1","1","1","1","0","0","0"
"1","1","1","1","0","0","0"
"1","1","1","1","0","0","0"
"1","1","1","1","0","0","0"
"1","1","1","1","0","0","0"
"1","1","1","1","0","0","0"
"1","1","1","1","0","0","0"
"1","1","1","1","0","0","0"
"1","1","1","1","0","0","0"
"1","1","1","1","0","0","0"
"1","1","1","1","0","0","0"
"1","1","1","1","0","0","0"
"1","1","1","1","0","0","0"
"1","1","1","1","0","0","0"
"1","1","1","1","0","0","0"
"1","1","1","1","0","0","0"
"1","1","1","1","0","0","0"
"1","1","1","1","0","0","0"
"1","1","1","1","0","0","0"
"1","1","1","1","0","0","0"
"1","1","1","1","0","0","0"
"1","1","1","1","0","0","0"
"1","1","1","1","0","0","0"
"1","1","1","1","0","0","0"
"1","1","1","1","0","0","0"
"1","1","1","1","0","0","0"
"1","1","1","1","0","0","0"
"1","1","1","1","0","0","0"
"1","1","1","1","0","0","0"
"1","1","1","1","0","0","0"
"1","1","1","1","0","0","0"
"1","1","1","1","0","0","0"
"1","1","1","1","0","0","0"
"1","1","1","1","0","0","0"
"1","1","1","1","0","0","0"
"1","1","1","1","0","0","0"
"1","1","1","1","0","0","0"
"1","1","1","1","0","0","0"
"1","1","1","1","0","0","0"
"1","1","1","1","0","0","0"
"1","1","1","1","0","0","0"
"1","1","1","1","0","0","0"
"1","1","1","1","0","0","0"
"1","1","1","1","0","0","0"
"1","1","1","1","0","0","0"
"1","1","1","1","0","0","0"
"1","1","1","1","0","0","0"
"1","1","1","1","0","0","0"
"0","0","0","0","0","0","0"
"0","0","0","0","0","0","0"
"1","1","1","1","0","0","0"
"1","1","1","1","0","0","0"
"1","1","1","1","0","0","0"
"1","1","1","1","0","0","0"
"1","1","1","1","0","0","0"
"1","1","1","1","0","0","0"
"1","1","1","1","0","0","0"
"1","1","1","1","0","0","0"
"1","1","1","0","0","1","0"
"1","1","1","1","0","0","0"
"1","1","1","1","0","0","0"
"1","1","1","1","0","0","0"
"1","1","1","1","0","0","0"
"1","1","1","1","0","0","0"
"1","1","1","1","0","0","0"
"1","1","1","1","0","0","0"
"1","1","1","1","0","0","0"
"1","1","1","1","0","0","0"
"1","1","1","1","0","0","0"
"1","1","1","1","0","0","0"
"1","1","1","1","0","0","0"
"1","1","1","1","0","0","0"
"1","1","1","1","0","0","0"
"1","1","1","1","0","0","0"
"1","1","1","1","0","0","0"
"1","1","1","1","0","1","0"
"1","1","1","1","0","0","0"
"1","1","1","1","0","0","0"
"1","1","1","1","0","0","0"
"1","1","1","1","0","0","0"
"1","1","1","1","0","0","0"
"1","1","1","1","0","0","0"
"1","1","1","1","0","1","0"
"1","1","1","1","0","0","0"
"1","1","1","1","0","0","0"
"1","1","1","1","0","0","0"
"1","1","1","1","0","0","0"
"1","1","1","1","0","0","0"
"1","1","1","1","0","0","0"
"1","1","1","1","0","0","0"
"1","1","1","1","0","0","0"
"1","1","1","1","0","0","0"
"1","1","1","1","0","0","0"
"1","1","1","1","0","0","0"
"1","1","1","1","0","0","0"
"1","1","1","1","0","0","0"
"1","1","1","1","0","0","0"
"1","1","1","1","0","0","0"
"1","1","1","1","0","0","0"
"1","1","1","1","0","0","0"
"0","0","0","1","0","0","0"
"1","1","1","1","0","0","0"
"1","1","1","1","0","0","0"
"1","1","1","1","0","0","0"
"1","1","1","1","0","0","0"
"1","1","1","1","0","1","0"
"1","1","1","1","0","0","0"
"1","1","1","1","0","0","0"
"1","1","1","1","0","0","0"
"1","1","1","1","0","0","0"
"1","1","1","1","0","0","0"
"1","1","1","1","0","0","0"
"1","1","1","1","0","0","0"
"1","1","1","1","0","0","0"
"1","1","1","1","0","0","0"
"1","1","1","1","0","0","0"
"1","1","1","1","0","0","0"
"1","1","1","1","0","0","0"
"1","1","1","1","0","0","0"
"1","1","1","1","0","0","0"
"1","1","1","1","0","0","0"
"1","1","1","1","0","0","0"
"1","1","1","1","0","0","0"
"1","1","1","1","0","0","0"
"1","1","1","1","0","0","0"
"1","1","1","1","0","0","0"
"1","1","1","1","0","0","0"
"1","1","1","1","0","0","0"
"1","1","1","1","0","0","0"
"1","1","1","1","0","0","0"
"1","1","1","1","0","0","0"
"1","1","1","1","0","0","0"
"1","1","1","1","0","0","0"
"1","1","1","1","0","0","0"
"1","1","1","1","0","1","0"
"1","1","1","1","0","1","0"
"1","1","1","1","0","0","0"
"1","1","1","1","0","0","0"
"0","0","0","1","0","0","0"
"1","1","1","1","0","0","0"
"1","1","1","1","0","0","0"
"1","1","1","1","0","0","0"
"1","1","1","1","0","0","0"
"1","1","1","1","0","0","1"
"1","1","1","1","0","0","1"
"1","1","1","1","0","0","1"
"1","1","1","1","0","0","1"
"1","1","1","1","0","0","1"
"1","1","1","1","0","0","1"
"1","1","1","1","0","0","1"
"1","1","1","1","0","0","0"
"1","1","1","1","0","0","0"
"1","1","1","1","0","0","0"
"1","1","1","1","0","0","0"
"1","1","1","1","0","0","0"
"1","1","1","1","0","0","0"
"1","1","1","1","0","0","0"
"1","1","1","1","0","0","1"
"1","1","1","1","0","0","1"
"1","1","1","1","0","0","1"
"1","1","1","1","0","0","1"
"1","1","1","1","0","0","1"
"1","1","1","1","0","0","1"
"1","1","1","1","0","0","1"
"1","1","1","1","0","1","1"
"1","1","1","1","0","0","1"
"1","1","1","1","0","0","0"
"1","1","1","1","0","0","0"
"0","0","0","0","0","0","0"
"0","0","0","0","0","0","0"
"0","0","0","0","0","0","0"
"0","0","0","0","0","0","0"
"0","0","0","0","0","0","0"
"0","0","0","0","0","0","0"
"1","1","1","1","0","0","0"
"1","1","1","1","0","0","0"
"1","1","1","1","0","0","0"
"0","0","0","0","0","0","0"
"0","0","0","0","0","0","0"
"1","1","1","1","0","0","0"
"1","1","1","1","0","0","0"
"1","1","1","1","0","0","0"
"1","1","1","1","0","0","0"
"1","1","1","1","0","0","0"
"1","1","1","1","0","0","0"
"1","1","1","1","0","0","0"
"1","1","1","1","0","0","0"
"1","1","1","1","0","0","0"
"1","1","1","1","0","0","0"
"1","1","1","1","0","0","0"
"1","1","1","1","0","0","0"
"1","1","1","1","0","0","0"
"1","1","1","1","0","0","0"
"1","1","1","1","0","0","0"
"1","1","1","1","0","0","0"
"1","1","1","1","0","0","0"
"1","1","1","1","0","0","0"
"1","1","1","1","0","0","0"
"1","1","1","1","0","0","0"
"1","1","1","1","0","0","0"
"1","1","1","1","0","0","0"
"1","1","1","1","0","0","0"
"1","1","1","1","0","0","0"
"1","1","1","1","0","0","0"
"1","1","1","1","0","0","0"
"1","1","1","1","0","0","0"
"1","1","1","1","0","0","0"
"1","1","1","1","0","0","0"
"1","1","1","1","0","0","0"
"1","1","1","1","0","0","0"
"1","1","1","1","0","0","0"
"1","1","1","1","0","0","0"
"1","1","1","1","0","0","0"
"1","1","1","1","0","0","0"
"1","1","1","1","0","0","0"
"1","1","1","1","0","0","0"
"1","1","1","1","0","0","0"
"1","1","1","1","0","0","0"
"1","1","1","1","0","0","0"
"1","1","1","1","0","0","0"
"1","1","1","1","0","0","0"
"1","1","1","1","0","0","0"
"1","1","1","1","0","0","0"
"1","1","1","1","0","0","0"
"1","1","1","1","0","0","0"
"1","1","1","1","0","0","0"
"1","1","1","1","0","0","0"
"1","1","1","1","0","0","0"
"1","1","1","1","0","0","0"
"1","1","1","1","0","0","0"
"1","1","1","1","0","0","0"
"1","1","1","1","0","0","0"
"1","1","1","1","0","0","0"
"1","1","1","1","0","0","0"
"1","1","1","1","0","0","0"
"1","1","1","1","0","0","0"
"1","1","1","1","0","0","0"
"1","1","1","1","0","0","0"
"1","1","1","1","0","0","0"
"1","1","1","1","0","0","0"
"1","1","1","1","0","0","0"
"1","1","1","1","0","0","0"
"1","1","1","1","0","0","0"
"1","1","1","1","0","0","0"
"1","1","1","1","0","0","0"
"1","1","1","1","0","0","0"
"1","1","1","1","0","0","0"
"1","1","1","1","0","0","0"
"1","1","1","1","0","0","0"
"1","1","1","1","0","0","0"
"1","1","1","1","0","0","0"
"1","1","1","1","0","0","0"
"1","1","1","1","0","0","0"
"1","1","1","1","0","0","0"
"1","1","1","1","0","0","0"
"1","1","1","1","0","0","0"
"1","1","1","1","0","0","0"
"1","1","1","1","0","0","0"
"1","1","1","1","0","0","0"
"1","1","1","1","0","0","0"
"1","1","1","1","0","0","0"
"1","1","1","1","0","0","0"
"1","1","1","1","0","0","0"
"1","1","1","1","0","0","0"
"1","1","1","1","0","0","0"
"1","1","1","1","0","0","0"
"1","1","1","1","0","0","0"
"1","1","1","1","0","0","0"
"1","1","1","1","0","0","0"
"1","1","1","1","0","0","0"
"1","1","1","1","0","0","0"
"1","1","1","1","0","0","0"
"1","1","1","1","0","0","0"
"1","1","1","1","0","0","0"
"1","1","1","1","0","0","0"
"1","1","1","1","0","0","0"
"1","1","1","1","0","0","0"
"1","1","1","1","0","0","0"
"1","1","1","1","0","0","0"
"1","1","1","1","0","0","0"
"1","1","1","1","0","0","0"
"1","1","1","1","0","0","0"
"1","1","1","1","0","0","0"
"1","1","1","1","0","0","0"
"1","1","1","1","0","0","0"
"1","1","1","1","0","0","0"
"0","0","0","1","0","0","0"
"0","0","0","1","0","0","0"
"0","0","0","1","0","0","0"
"0","0","0","0","0","0","0"
"0","0","0","0","0","0","0"
"0","0","0","0","0","0","0"
"0","0","0","0","0","0","0"
"0","0","0","0","0","0","0"
"0","0","0","0","0","0","0"
"0","0","0","0","0","0","0"
"0","0","0","0","0","0","0"
"0","0","0","0","0","0","0"
"0","0","0","0","0","0","0"
"0","0","0","0","0","0","0"
"1","1","1","1","0","0","0"
"1","1","1","1","0","0","0"
"1","1","1","1","0","0","0"
"0","0","0","0","0","0","0"
"0","0","0","0","0","0","0"
"0","0","0","0","0","0","0"
"0","0","0","0","0","0","0"
"0","0","0","0","0","0","0"
"0","0","0","0","0","0","0"
"0","0","0","0","0","0","0"
"0","0","0","0","0","0","0"
"0","0","0","0","0","0","0"
"0","0","0","0","0","0","0"
"0","0","0","0","0","0","0"
"0","0","0","0","0","0","0"
"0","0","0","0","0","0","0"
"0","0","0","0","0","0","0"
"0","0","0","0","0","0","0"
"0","0","0","0","0","0","0"
"0","0","0","0","0","0","0"
"0","0","0","0","0","0","0"
"0","0","0","0","0","0","0"
"0","0","0","0","0","0","0"
"0","0","0","0","0","0","0"
"0","0","0","0","0","0","0"
"0","0","0","1","0","0","0"
"0","0","0","1","0","0","0"
"1","1","1","1","0","0","0"
"0","0","0","0","0","0","0"
"0","0","0","0","0","0","0"
"0","0","0","0","0","0","0"
"1","1","1","0","0","0","0"
"1","1","1","1","0","0","0"
"0","0","0","0","0","0","0"
"0","0","0","0","0","0","0"
"1","1","1","1","0","0","0"
"1","1","1","1","0","0","0"
"1","1","1","1","0","0","0"
"1","1","1","1","0","0","0"
"1","1","1","1","0","0","0"
"1","1","1","1","0","0","0"
"1","1","1","1","0","0","0"
"1","1","1","1","0","0","0"
"1","1","1","1","0","0","0"
"1","1","1","1","0","0","0"
"1","1","1","1","0","0","0"
"1","1","1","1","0","0","0"
"1","1","1","1","0","0","0"
"1","1","1","1","0","0","0"
"1","1","1","1","0","0","0"
"1","1","1","1","0","0","0"
"1","1","1","1","0","0","0"
"1","1","1","1","0","0","0"
"1","1","1","1","0","0","0"
"1","1","1","1","0","0","0"
"1","1","1","1","0","0","0"
"1","1","1","1","0","0","0"
"1","1","1","1","0","0","0"
"1","1","1","1","0","0","0"
"1","1","1","1","0","0","0"
"1","1","1","1","0","0","0"
"1","1","1","1","0","0","0"
"1","1","1","1","0","0","0"
"1","1","1","1","0","0","0"
"1","1","1","1","0","0","0"
"1","1","1","1","0","0","0"
"1","1","1","1","0","0","0"
"1","1","1","1","0","0","0"
"1","1","1","1","0","0","0"
"1","1","1","1","0","0","0"
"1","1","1","1","0","0","0"
"1","1","1","1","0","0","0"
"1","1","1","1","0","0","0"
"1","1","1","1","0","0","0"
"1","1","1","1","0","0","0"
"1","1","1","1","0","0","0"
"1","1","1","1","0","0","0"
"1","1","1","1","0","0","0"
"1","1","1","1","0","0","0"
"1","1","1","1","0","0","0"
"1","1","1","1","0","0","0"
"1","1","1","1","0","0","0"
"1","1","1","1","0","0","0"
"1","1","1","1","0","0","0"
"1","1","1","1","0","0","0"
"0","0","0","0","0","0","0"
"0","0","0","0","0","0","0"
"0","0","0","0","0","0","0"
"0","0","0","0","0","0","0"
"0","0","0","0","0","0","0"
"0","0","0","0","0","0","0"
"0","0","0","0","0","0","0"
"0","0","0","0","0","0","0"
"0","0","0","0","0","0","0"
"0","0","0","0","0","0","0"
"0","0","0","0","0","0","0"
"1","1","1","1","0","0","0"
"1","1","1","1","0","0","0"
"1","1","1","1","0","0","0"
"1","1","1","1","0","0","0"
"1","1","1","1","0","0","0"
"1","1","1","1","0","0","0"
"1","1","1","1","0","0","0"
"1","1","1","1","0","0","0"
"1","1","1","1","0","0","0"
"1","1","1","1","0","0","0"
"0","0","0","0","0","0","1"
"0","0","0","0","0","0","1"
"0","0","0","0","0","0","1"
"0","0","0","0","0","0","1"
"0","0","0","0","0","0","1"
"0","0","0","0","0","0","1"
"1","0","0","0","0","1","1"
"1","0","0","0","0","1","1"
"1","1","1","1","0","1","0"
"1","1","1","1","0","0","0"
"0","0","0","0","0","0","1"
"0","0","0","0","0","0","0"
"0","0","0","0","0","0","0"
"0","0","0","0","0","0","1"
"0","0","0","0","0","0","1"
"0","0","0","0","0","0","1"
"0","0","0","0","0","0","1"
"0","0","0","0","0","0","1"
"0","0","0","0","0","0","1"
"0","0","0","0","0","0","0"
"0","0","0","0","0","0","0"
"1","1","1","1","0","0","0"
"1","1","1","1","0","0","0"
"0","0","0","1","0","0","0"
"0","0","0","1","0","0","0"
"1","1","1","1","0","0","0"
"1","1","1","1","0","0","0"
"1","1","1","1","0","0","0"
"1","1","1","1","0","0","0"
"1","1","1","1","0","0","0"
"1","1","1","1","0","0","0"
"1","1","1","1","0","0","0"
"0","0","0","0","0","0","0"
"1","1","1","1","0","0","0"
"1","1","1","1","0","0","0"
"0","0","0","1","0","0","0"
"1","1","1","1","0","0","0"
"1","1","1","1","0","0","0"
"1","1","1","1","0","0","0"
"1","1","1","1","0","0","0"
"1","1","1","1","0","0","0"
"1","1","1","1","0","0","0"
"1","1","1","1","0","0","0"
"0","0","0","0","0","0","1"
"1","1","1","1","0","0","1"
"1","1","1","1","0","0","1"
"1","1","1","1","0","0","0"
"1","1","1","1","0","0","1"
"1","1","1","1","0","1","1"
"1","1","1","1","0","1","1"
"1","1","1","1","0","0","1"
"1","1","1","1","0","0","1"
"1","1","1","1","0","1","1"
"1","1","1","1","0","0","1"
"1","1","1","1","0","0","1"
"1","1","1","1","0","1","1"
"1","1","1","1","0","0","1"
"1","1","1","1","0","0","1"
"1","1","1","1","0","0","1"
"1","1","1","1","0","0","1"
"1","1","1","1","0","0","1"
"1","1","1","1","0","0","1"
"1","1","1","1","0","0","1"
"1","1","1","1","0","0","1"
"1","1","1","1","0","1","1"
"1","1","1","1","0","0","0"
"1","1","1","1","0","0","0"
"1","1","1","1","0","1","1"
"1","1","1","1","0","1","1"
"1","1","1","1","0","0","1"
"1","1","1","1","0","1","1"
"1","1","1","1","0","0","1"
"1","1","1","1","0","0","1"
"1","1","1","1","0","0","1"
"1","1","1","1","0","0","0"
"0","0","0","0","0","0","0"
"1","1","1","1","0","0","1"
"1","1","1","1","0","0","1"
"1","1","1","1","0","0","1"
"1","1","1","1","0","0","1"
"0","0","0","0","0","0","1"
"0","0","0","0","0","0","0"
"0","0","0","0","0","0","0"
"0","0","0","0","0","0","1"
"0","0","0","0","0","0","1"
"0","0","0","0","0","0","1"
"0","0","0","0","0","0","1"
"0","0","0","0","0","0","1"
"0","0","0","0","0","0","1"
"0","0","0","0","0","0","1"
"0","0","0","0","0","0","0"
"0","0","0","0","0","0","1"
"1","0","0","1","0","1","1"
"1","0","0","1","0","1","1"
"1","0","0","1","0","1","1"
"1","0","0","1","0","1","1"
"1","0","0","1","0","1","1"
"1","0","0","1","0","1","1"
"1","0","0","1","0","0","1"
"1","0","0","1","0","1","1"
"1","1","1","1","0","0","1"
"1","1","1","1","0","0","0"
"1","1","1","1","0","0","0"
"1","1","1","1","0","0","0"
"0","0","0","1","0","0","0"
"0","0","0","0","0","0","0"
"0","0","0","1","0","0","0"
"0","0","0","0","0","0","0"
"0","0","0","0","0","0","0"
"0","0","1","0","0","0","0"
"0","0","1","0","0","0","0"
"1","1","1","1","0","0","0"
"1","1","1","1","0","0","0"
"1","1","1","1","0","0","0"
"1","1","1","1","0","0","0"
"1","1","1","1","0","0","0"
"0","0","0","1","0","0","0"
"1","1","1","1","0","0","0"
"0","0","0","0","0","0","0"
"0","0","0","0","0","0","0"
"0","0","0","0","0","0","0"
"0","0","0","0","0","0","0"
"0","0","0","0","0","0","0"
"1","1","1","1","0","0","0"
"1","1","1","1","0","0","0"
"1","1","1","0","0","0","0"
"1","1","1","1","0","0","0"
"1","1","1","1","0","0","0"
"1","1","1","1","0","0","0"
"1","1","1","1","0","0","0"
"1","1","1","1","0","0","0"
"1","1","1","1","0","0","0"
"1","1","1","1","0","0","0"
"0","0","0","1","0","0","0"
"1","1","1","1","0","0","0"
"1","1","1","1","0","0","0"
"1","1","1","1","0","0","0"
"1","1","1","1","0","0","0"
"1","1","1","1","0","0","0"
"1","1","1","1","0","0","0"
"1","1","1","1","0","0","0"
"0","0","0","1","0","0","0"
"0","0","0","1","0","0","0"
"0","0","0","1","0","0","0"
"0","0","0","1","0","0","0"
"0","0","0","1","0","0","0"
"0","0","0","1","0","0","0"
"0","0","0","1","0","0","0"
"0","0","0","1","0","0","0"
"0","0","0","1","0","0","0"
"0","0","0","1","0","0","0"
"0","0","0","1","0","0","0"
"0","0","0","1","0","0","0"
"0","0","0","1","0","0","0"
"0","0","0","1","0","0","0"
"0","0","0","1","0","0","0"
"0","0","0","1","0","0","0"
"0","0","0","1","0","0","0"
"0","0","0","1","0","0","0"
"0","0","0","1","0","0","0"
"0","0","0","1","0","0","0"
"0","0","0","1","0","0","0"
"0","0","0","1","0","0","0"
"1","1","1","1","0","0","0"
"1","1","1","1","0","0","0"
"1","1","1","1","0","0","0"
"1","1","1","1","0","0","0"
"1","1","1","1","0","0","1"
"1","1","1","1","0","1","0"
"1","1","1","1","0","0","0"
"1","1","1","1","0","0","0"
"1","1","1","1","0","0","0"
"1","1","1","1","0","0","0"
"1","1","1","1","0","0","0"
"1","1","1","1","0","0","0"
"1","1","1","1","0","0","0"
"0","0","0","1","0","0","0"
"0","0","0","0","0","0","0"
"0","0","0","0","0","0","0"
"0","0","0","0","0","0","0"
"0","0","0","0","0","0","0"
"0","0","0","0","0","0","0"
"0","0","0","0","0","0","0"
"0","0","0","0","0","0","0"
"0","0","0","0","0","0","0"
"0","0","0","0","0","0","0"
"0","0","0","0","0","0","0"
"0","0","0","0","0","0","0"
"0","0","0","0","0","0","0"
"0","0","0","0","0","0","0"
"0","0","0","0","0","0","0"
"0","0","0","0","0","0","0"
"0","0","0","0","0","0","0"
"0","0","0","0","0","0","0"
"0","0","0","0","0","0","0"
"0","0","0","0","0","0","0"
"0","0","0","0","0","0","0"
"1","1","1","1","0","0","0"
"0","0","0","0","0","0","0"
"0","0","0","0","0","0","0"
"0","0","0","0","0","0","0"
"0","0","0","0","0","0","0"
"0","0","0","0","0","0","0"
"0","0","0","0","0","0","0"
"0","0","0","0","0","0","0"
"1","1","1","1","0","0","0"
"1","1","1","1","0","0","0"
"1","1","1","1","0","0","0"
"1","1","1","1","0","0","0"
"1","1","1","1","0","0","0"
"1","1","1","1","0","0","0"
"1","1","1","1","0","0","0"
"1","1","1","1","0","0","0"
"0","0","0","1","0","0","0"
"0","0","0","0","0","0","0"
"0","0","0","0","0","0","0"
"0","0","0","0","0","0","0"
"0","0","0","0","0","0","0"
"0","0","0","0","0","0","0"
"0","0","0","0","0","0","0"
"0","0","0","0","0","0","0"
"1","1","1","1","0","0","0"
"1","1","1","1","0","0","0"
"1","1","1","1","0","0","0"
"1","1","1","1","0","1","0"
"1","1","1","1","0","1","1"
"1","1","1","1","0","0","0"
"1","1","1","1","0","1","0"
"1","1","1","1","0","1","0"
"1","1","1","1","0","1","0"
"1","1","1","1","0","1","1"
"1","1","1","1","0","1","0"
"1","1","1","1","0","1","0"
"1","1","1","1","0","1","1"
"1","1","1","1","0","1","1"
"1","1","1","1","0","1","1"
"1","1","1","1","0","1","1"
"1","1","1","1","0","1","1"
"1","1","1","1","0","1","1"
"1","1","1","1","0","1","0"
"1","1","1","1","0","1","1"
"1","1","1","1","0","0","1"
"1","1","1","1","0","1","1"
"1","1","1","1","0","1","1"
"1","1","1","1","0","0","1"
"1","1","1","1","0","0","0"
"1","1","1","1","0","0","1"
"1","1","1","1","0","0","0"
"1","1","1","1","0","0","0"
"1","1","1","1","0","1","0"
"1","1","1","1","0","1","0"
"1","1","1","1","0","1","0"
"1","1","1","1","0","1","0"
"1","1","1","1","0","0","1"
"1","1","1","1","0","1","1"
"1","1","1","1","0","0","0"
"1","1","1","1","0","0","0"
"1","1","1","1","0","0","1"
"1","1","1","1","0","0","1"
"1","1","1","1","0","0","0"
"1","1","1","1","0","0","0"
"1","1","1","1","0","1","0"
"1","1","1","1","0","0","0"
"1","1","1","1","0","0","0"
"1","1","1","1","0","0","0"
"1","1","1","1","0","0","0"
"1","1","1","1","0","0","0"
"1","1","1","1","0","0","0"
"1","1","1","1","0","0","0"
"1","1","1","1","0","0","0"
"1","1","1","1","0","0","0"
"1","1","1","1","0","0","0"
"1","1","1","1","0","1","0"
"1","1","1","1","0","1","0"
"1","1","1","1","0","0","0"
"1","1","1","1","0","1","0"
"1","1","1","1","0","1","0"
"1","1","1","1","0","1","0"
"1","1","1","1","0","1","0"
"1","1","1","1","0","1","0"
"1","1","1","1","0","0","0"
"1","1","1","1","0","1","0"
"1","1","1","1","0","1","1"
"1","1","1","1","0","1","0"
"1","1","1","1","0","1","0"
"1","1","1","1","0","1","0"
"0","0","0","1","0","0","0"
"1","1","1","1","0","0","0"
"1","1","1","1","0","0","0"
"0","0","0","1","0","0","0"
"1","1","1","1","0","0","0"
"1","1","1","1","0","0","0"
"1","1","1","1","0","0","0"
"0","0","0","1","0","0","0"
"1","1","1","1","0","0","0"
"1","1","1","1","0","0","0"
"1","1","1","1","0","0","0"
"1","1","1","1","0","0","0"
"1","1","1","1","0","0","0"
"1","1","1","1","0","0","0"
"1","1","1","1","0","0","0"
"1","1","1","1","0","0","0"
"1","1","1","1","0","0","0"
"1","1","1","1","0","0","0"
"1","1","1","1","0","0","0"
"1","1","1","1","0","1","0"
"1","1","1","1","0","1","0"
"1","1","1","1","0","0","0"
"1","1","1","1","0","1","0"
"1","1","1","1","0","0","0"
"1","1","1","1","0","0","0"
"1","1","1","1","0","0","0"
"1","1","1","1","0","0","0"
"1","1","1","1","0","0","0"
"1","1","1","1","0","0","0"
"1","1","1","1","0","0","0"
"1","1","1","1","0","0","0"
"1","1","1","1","0","0","0"
"1","1","1","1","0","0","0"
"1","1","1","1","0","0","0"
"1","1","1","1","0","0","0"
"1","1","1","1","0","0","0"
"1","1","1","1","0","0","0"
"1","1","1","1","0","0","0"
"1","1","1","1","0","0","0"
"1","1","1","1","0","0","0"
"1","1","1","1","0","0","0"
"1","1","1","1","0","0","0"
"1","1","1","1","0","0","0"
"1","1","1","1","0","0","0"
"1","1","1","1","0","0","0"
"1","1","1","1","0","0","0"
"1","1","1","1","0","1","0"
"1","1","1","1","0","1","0"
"1","1","1","1","0","1","0"
"1","1","1","1","0","1","0"
"1","1","1","1","0","1","0"
"1","1","1","1","0","1","0"
"1","1","1","1","0","1","0"
"1","1","1","1","0","1","0"
"1","1","1","1","0","0","0"
"1","1","1","1","0","0","0"
"1","1","1","1","0","0","0"
"1","1","1","1","0","0","0"
"1","1","1","1","0","0","0"
"1","1","1","1","0","0","0"
"1","1","1","1","0","0","0"
"1","1","1","1","0","0","0"
"1","1","1","1","0","0","0"
"1","1","1","1","0","0","0"
"1","1","1","1","0","0","0"
"1","1","1","1","0","0","0"
"1","1","1","1","0","0","0"
"1","1","1","1","0","0","0"
"1","1","1","1","0","0","0"
"1","1","1","1","0","0","0"
"1","1","1","1","0","0","0"
"1","1","1","1","0","0","0"
"1","1","1","1","0","0","0"
"1","1","1","1","0","0","0"
"1","1","1","1","0","0","0"
"1","1","1","1","0","0","0"
"1","1","1","1","0","0","0"
"1","1","1","1","0","0","0"
"1","1","1","1","0","0","0"
"1","1","1","1","0","0","0"
"1","1","1","1","0","0","0"
"1","1","1","1","0","0","0"
"1","1","1","1","0","0","0"
"1","1","1","1","0","0","0"
"1","1","1","1","0","0","0"
"1","1","1","1","0","0","0"
"1","1","1","1","0","0","0"
"1","1","1","1","0","0","0"
"1","1","1","1","0","0","0"
"1","1","1","1","0","0","0"
"1","1","1","1","0","0","0"
"1","1","1","1","0","0","0"
"1","1","1","1","0","0","0"
"1","1","1","1","0","0","0"
"1","1","1","1","0","0","0"
"1","1","1","1","0","0","0"
"1","1","1","1","0","0","0"
"1","1","1","1","0","0","0"
"1","1","1","1","0","0","0"
"1","1","1","1","0","0","0"
"1","1","1","1","0","0","0"
"1","1","1","1","0","0","0"
"1","1","1","1","0","0","0"
"1","1","1","1","0","0","0"
"1","1","1","1","0","0","0"
"1","1","1","1","0","0","0"
"1","1","1","1","0","0","0"
"1","1","1","1","0","0","0"
"1","1","1","1","0","0","0"
"1","1","1","1","0","0","0"
"1","1","1","1","0","0","0"
"1","1","1","1","0","0","0"
"1","1","1","1","0","0","0"
"1","1","1","1","0","0","0"
"1","1","1","1","0","0","0"
"1","1","1","1","0","0","0"
"1","1","1","1","0","0","0"
"1","1","1","1","0","0","0"
"1","1","1","1","0","0","0"
"1","1","1","1","0","0","0"
"1","1","1","1","0","0","0"
"1","1","1","1","0","0","0"
"1","1","1","1","0","0","0"
"1","1","1","1","0","0","0"
"1","1","1","1","0","0","0"
"1","1","1","1","0","0","0"
"1","1","1","1","0","0","0"
"1","1","1","1","0","0","0"
"1","1","1","1","0","0","0"
"1","1","1","1","0","0","0"
"1","1","1","1","0","0","0"
"1","1","1","1","0","0","0"
"1","1","1","1","0","0","0"
"1","1","1","1","0","0","0"
"1","1","1","1","0","0","0"
"1","1","1","1","0","0","0"
"1","1","1","1","0","0","0"
"1","1","1","1","0","0","0"
"1","1","1","1","0","0","0"
"1","1","1","1","0","0","0"
"1","1","1","1","0","0","0"
"1","1","1","1","0","0","0"
"1","1","1","1","0","0","0"
"1","1","1","1","0","0","0"
"1","1","1","1","0","0","0"
"1","1","1","1","0","0","0"
"1","1","1","1","0","0","0"
"1","1","1","1","0","0","0"
"1","1","1","1","0","0","0"
"1","1","1","1","0","0","0"
"1","1","1","1","0","0","0"
"1","1","1","1","0","0","0"
"1","1","1","1","0","0","0"
"1","1","1","1","0","0","0"
"1","1","1","1","0","0","0"
"1","1","1","1","0","0","0"
"1","1","1","1","0","0","0"
"1","1","1","1","0","0","0"
"1","1","1","1","0","0","0"
"1","1","1","1","0","0","0"
"1","1","1","1","0","0","0"
"1","1","1","1","0","0","0"
"1","1","1","1","0","0","0"
"1","1","1","1","0","0","0"
"1","1","1","1","0","0","0"
"1","1","1","1","0","0","0"
"1","1","1","1","0","0","0"
"1","1","1","1","0","0","0"
"1","1","1","1","0","0","0"
"1","1","1","1","0","0","0"
"1","1","1","1","0","0","0"
"1","1","1","1","0","0","0"
"1","1","1","1","0","0","0"
"1","1","1","1","0","0","0"
"1","1","1","1","0","0","0"
"1","1","1","1","0","0","0"
"1","1","1","1","0","0","0"
"1","1","1","1","0","0","0"
"1","1","1","1","0","0","0"
"1","1","1","1","0","0","0"
"1","1","1","1","0","0","0"
"1","1","1","1","0","0","0"
"1","1","1","1","0","0","0"
"1","1","1","1","0","0","0"
"1","1","1","1","0","0","0"
"1","1","1","1","0","0","0"
"1","1","1","1","0","0","0"
"1","1","1","1","0","0","0"
"1","1","1","1","0","0","0"
"1","1","1","1","0","0","0"
"1","1","1","1","0","0","0"
"1","1","1","1","0","0","0"
"1","1","1","1","0","0","0"
"1","1","1","1","0","0","0"
"1","1","1","1","0","0","0"
"1","1","1","1","0","0","0"
"1","1","1","1","0","0","0"
"1","1","1","1","0","0","0"
"1","1","1","1","0","0","0"
"1","1","1","1","0","0","0"
"1","1","1","1","0","0","0"
"1","1","1","1","0","0","0"
"1","1","1","1","0","0","0"
"1","1","1","1","0","0","0"
"1","1","1","1","0","1","0"
"1","1","1","1","0","0","0"
"1","1","1","1","0","0","0"
"1","1","1","1","0","0","0"
"1","1","1","1","0","0","0"
"1","1","1","1","0","0","0"
"1","1","1","1","0","0","0"
"1","1","1","1","0","0","0"
"1","1","1","1","0","0","0"
"1","1","1","1","0","0","0"
"1","1","1","1","0","0","0"
"1","1","1","1","0","0","0"
"1","1","1","1","0","1","0"
"1","1","1","1","0","0","0"
"1","1","1","1","0","1","0"
"1","1","1","1","0","0","0"
"1","1","1","1","0","0","0"
"1","1","1","1","0","0","0"
"1","1","1","1","0","0","0"
"1","1","1","1","0","1","0"
"1","1","1","1","0","0","0"
"1","1","1","1","0","0","0"
"1","1","1","1","0","0","0"
"1","1","1","1","0","0","0"
"1","1","1","1","0","0","0"
"1","1","1","1","0","0","0"
"1","1","1","1","0","0","0"
"1","1","1","1","0","0","0"
"1","1","1","1","0","0","0"
"1","1","1","1","0","0","0"
"1","1","1","1","0","0","0"
"1","1","1","1","0","0","0"
"1","1","1","1","0","0","0"
"1","1","1","1","0","0","0"
"1","1","1","1","0","0","0"
"1","1","1","1","0","0","0"
"1","1","1","1","0","0","0"
"1","1","1","1","0","0","0"
"1","1","1","1","0","0","0"
"1","1","1","1","0","0","0"
"1","1","1","1","0","0","0"
"1","1","1","1","0","0","0"
"1","1","1","1","0","0","0"
"1","1","1","1","0","0","0"
"1","1","1","1","0","0","0"
"1","1","1","1","0","0","0"
"1","1","1","1","0","0","0"
"1","1","1","1","0","0","0"
"1","1","1","1","0","0","0"
"1","1","1","1","0","0","0"
"1","1","1","1","0","0","0"
"1","1","1","1","0","1","0"
"1","1","1","1","0","0","0"
"1","1","1","1","0","1","0"
"1","1","1","1","0","1","0"
"1","1","1","1","0","0","0"
"1","1","1","1","0","0","0"
"1","1","1","1","0","0","0"
"1","1","1","1","0","0","0"
"1","1","1","1","0","0","0"
"1","1","1","1","0","0","0"
"1","1","1","1","0","0","0"
"1","1","1","1","0","0","0"
"1","1","1","1","0","0","0"
"1","1","1","1","0","0","0"
"1","1","1","1","0","0","0"
"1","1","1","1","0","0","0"
"1","1","1","1","0","0","0"
"1","1","1","1","0","0","0"
"1","1","1","1","0","0","0"
"1","1","1","1","0","0","0"
"1","1","1","1","0","0","0"
"1","1","1","1","0","0","0"
"1","1","1","1","0","0","0"
"1","1","1","1","0","0","0"
"1","1","1","1","0","0","0"
"1","1","1","1","0","0","0"
"1","1","1","1","0","0","0"
"1","1","1","1","0","0","0"
"1","1","1","1","0","0","0"
"1","1","1","1","0","0","0"
"1","1","1","1","0","0","0"
"1","1","1","1","0","0","0"
"1","1","1","1","0","0","0"
"1","1","1","1","0","0","0"
"1","1","1","1","0","0","0"
"1","1","1","1","0","0","0"
"1","1","1","1","0","0","0"
"1","1","1","1","0","0","0"
"1","1","1","1","0","0","0"
"1","1","1","1","0","0","0"
"1","1","1","1","0","0","0"
"1","1","1","1","0","0","0"
"1","1","1","1","0","1","0"
"1","1","1","1","0","1","0"
"1","1","1","1","0","1","0"
"1","1","1","1","0","1","0"
"1","1","1","1","0","0","0"
"1","1","1","1","0","1","0"
"1","1","1","1","0","0","0"
"1","1","1","1","0","1","0"
"1","1","1","1","0","1","0"
"1","1","1","1","0","1","0"
"1","1","1","1","0","1","0"
"1","1","1","1","0","1","0"
"1","1","1","1","0","1","0"
"1","1","1","1","0","1","0"
"1","1","1","1","0","1","0"
"1","1","1","1","0","1","0"
"1","1","1","1","0","1","0"
"1","1","1","1","0","1","0"
"1","1","1","1","0","1","0"
"1","1","1","1","0","1","0"
"1","1","1","1","0","1","0"
"1","1","1","1","0","1","0"
"1","1","1","1","0","0","0"
"1","1","1","1","0","0","0"
"1","1","1","1","0","0","0"
"1","1","1","1","0","0","0"
"1","1","1","1","0","0","0"
"1","1","1","1","0","0","0"
"1","1","1","1","0","0","0"
"1","1","1","1","0","0","0"
"1","1","1","1","0","0","0"
"1","1","1","1","0","0","0"
"1","1","1","1","0","0","0"
"1","1","1","1","0","0","0"
"1","1","1","1","0","0","0"
"1","1","1","1","0","0","0"
"1","1","1","1","0","0","0"
"1","1","1","1","0","0","0"
"1","1","1","1","0","0","0"
"0","1","0","1","0","0","0"
"1","1","1","1","0","0","0"
"1","1","1","1","0","0","0"
"1","1","1","1","0","0","0"
"1","1","1","1","0","0","0"
"1","1","1","1","0","0","0"
"1","1","1","1","0","0","0"
"1","1","1","1","0","0","0"
"1","1","1","1","0","0","0"
"1","1","1","1","0","0","0"
"1","1","1","1","0","0","0"
"1","1","1","1","0","0","0"
"1","1","1","1","0","0","0"
"1","1","1","1","0","0","0"
"1","1","1","1","0","0","0"
"1","1","1","1","0","0","0"
"1","1","1","1","0","0","0"
"1","1","1","1","0","0","0"
"1","1","1","1","0","0","0"
"1","1","1","1","0","0","0"
"1","1","1","1","0","0","0"
"1","1","1","1","0","0","0"
"1","1","1","1","0","0","0"
"1","1","1","1","0","0","0"
"1","1","1","1","0","0","0"
"1","1","1","1","0","0","0"
"0","0","0","0","0","0","0"
"1","1","1","1","0","0","0"
"1","1","1","1","0","0","0"
"1","1","1","1","0","0","0"
"1","1","1","1","0","0","0"
"1","1","1","1","0","0","0"
"1","1","1","1","0","0","0"
"1","1","1","1","0","0","0"
"1","1","1","1","0","0","0"
"1","1","1","1","0","0","0"
"1","1","1","1","0","0","0"
"1","1","1","1","0","1","0"
"1","1","1","1","0","1","0"
"1","1","1","1","0","1","0"
"1","1","1","1","0","1","0"
"1","1","1","1","0","1","0"
"1","1","1","1","0","1","0"
"1","1","1","1","0","1","0"
"1","1","1","1","0","1","0"
"1","1","1","1","0","1","0"
"1","1","1","1","0","1","0"
"1","1","1","1","0","0","0"
"1","1","1","1","0","0","0"
"1","1","1","1","0","0","0"
"1","1","1","1","0","1","0"
"1","1","1","1","0","0","0"
"1","1","1","1","0","0","0"
"1","1","1","1","0","0","0"
"1","1","1","1","0","0","0"
"1","1","1","1","0","1","0"
"1","1","1","1","0","0","0"
"1","1","1","1","0","1","0"
"1","1","1","1","0","0","0"
"1","1","1","1","0","0","0"
"1","1","1","1","0","0","0"
"1","1","1","1","0","0","0"
"1","1","1","1","0","0","0"
"1","1","1","1","0","0","0"
"1","1","1","1","0","0","0"
"1","1","1","1","0","0","0"
"1","1","1","1","0","0","0"
"1","1","1","1","0","1","0"
"1","1","1","1","0","0","0"
"1","1","1","1","0","1","0"
"1","1","1","1","0","1","0"
"1","1","1","1","0","1","0"
"1","1","1","1","0","1","0"
"1","1","1","1","0","1","0"
"1","1","1","1","0","1","0"
"1","1","1","1","0","0","0"
"1","1","1","1","0","0","0"
"1","1","1","1","0","0","0"
"1","1","1","1","0","0","0"
"1","1","1","1","0","0","0"
"1","1","1","1","0","0","0"
"1","1","1","1","0","0","0"
"1","1","1","1","0","0","0"
"1","1","1","1","0","0","0"
"1","1","1","1","0","0","0"
"1","1","1","1","0","0","0"
"1","1","1","1","0","0","0"
"1","1","1","1","0","0","0"
"1","1","1","1","0","0","0"
"1","1","1","1","0","0","0"
"1","1","1","1","0","0","0"
"1","1","1","1","0","0","0"
"1","1","1","1","0","0","0"
"1","1","1","1","0","0","0"
"1","1","1","1","0","0","0"
"1","1","1","1","0","0","0"
"1","1","1","1","0","1","0"
"1","1","1","1","0","1","0"
"1","1","1","1","0","0","0"
"1","1","1","1","0","1","0"
"1","1","1","1","0","0","0"
"1","1","1","1","0","1","0"
"1","1","1","1","0","0","0"
"1","1","1","1","0","0","0"
"1","1","1","1","0","0","0"
"1","1","1","1","0","0","0"
"1","1","1","1","0","1","0"
"1","1","1","1","0","0","0"
"1","1","1","1","0","0","0"
"1","1","1","1","0","0","0"
"1","1","1","1","0","0","0"
"1","1","1","1","0","0","0"
"1","0","0","1","0","0","1"
"1","0","0","1","0","0","1"
"1","1","1","1","0","0","0"
"1","1","1","1","0","1","0"
"1","1","1","1","0","1","0"
"1","1","1","1","0","1","0"
"1","1","1","1","0","1","0"
"1","1","1","1","0","1","0"
"1","1","1","1","0","0","0"
"1","1","1","1","0","0","0"
"1","1","1","1","0","1","0"
"1","1","1","1","0","1","0"
"1","1","1","1","0","1","0"
"1","1","1","1","0","1","0"
"1","1","1","1","0","1","0"
"1","1","1","1","0","1","0"
"1","1","1","1","0","1","1"
"1","1","1","1","0","1","0"
"1","1","1","1","0","1","1"
"1","1","1","1","0","1","1"
"1","1","1","1","0","1","1"
"1","1","1","1","0","1","0"
"1","1","1","1","0","1","1"
"1","1","1","1","0","1","1"
"1","1","1","1","0","1","0"
"1","1","1","1","0","1","0"
"1","1","1","1","0","1","0"
"1","1","1","1","0","1","0"
"1","1","1","1","0","1","0"
"1","1","1","1","0","0","0"
"1","1","1","1","0","1","0"
"1","1","1","1","0","1","1"
"1","1","1","1","0","1","1"
"1","1","1","1","0","1","1"
"1","1","1","1","0","1","0"
"1","1","1","1","0","1","1"
"1","1","1","1","0","1","0"
"1","1","1","1","0","1","1"
"1","1","1","1","0","1","1"
"1","1","1","1","0","1","1"
"1","1","1","1","0","1","1"
"1","1","1","1","0","1","1"
"1","1","1","1","0","0","0"
"1","1","1","1","0","0","0"
"1","1","1","1","0","0","0"
"1","1","1","1","0","0","0"
"1","1","1","1","0","0","0"
"1","1","1","1","0","0","0"
"1","1","1","1","0","0","0"
"1","1","1","1","0","0","0"
"1","1","1","1","0","0","0"
"1","1","1","1","0","0","0"
"1","1","1","1","0","1","0"
"1","1","1","1","0","1","0"
"1","1","1","1","0","0","0"
"1","1","1","1","0","0","0"
"1","1","1","1","0","0","0"
"1","1","1","1","0","0","0"
"1","1","1","1","0","0","0"
"1","1","1","1","0","0","0"
"1","1","1","1","0","0","0"
"1","1","1","1","0","0","0"
"1","1","1","1","0","0","0"
"1","1","1","1","0","0","0"
"1","1","1","1","0","0","0"
"1","1","1","1","0","0","0"
"1","1","1","1","0","0","0"
"1","0","0","1","0","1","0"
"1","1","1","1","0","1","0"
"1","0","0","0","0","1","1"
"1","1","1","1","0","0","0"
"1","1","1","1","0","0","0"
"1","1","1","1","0","0","0"
"1","1","1","1","0","0","0"
"1","1","1","1","0","1","0"
"1","1","1","1","0","0","0"
"1","1","1","1","0","0","0"
